deploy_from,style,winner,trained_2y_%,deployed_6m_%
2015-01-01,micro,price_low_all_n4,208.7,-4.9
2015-07-01,defens2/flow,low_turnover&vol_compress_highvol_n4|mom6_positive,254.7,5.0
2016-01-01,flow/trend,low_turnover&ma_cross_50_200_all_n4,429.0,-12.7
2016-07-01,defens2/flow,obv_slope&vol_compress_all_n4|rsi_below_85,172.0,31.2
2017-01-01,micro/trend,amihud&px_sma200_highvol_n4,213.7,34.0
2017-07-01,micro,amihud_highvol_n4|above_50dma+mom6_positive,313.5,41.2
2018-01-01,flow/micro,low_turnover&price_low_highvol_n4|above_50dma+mom6_positive,322.0,-12.9
2018-07-01,micro,amihud_highvol_n4|above_50dma+mom6_positive,331.3,6.8
2019-01-01,micro/trend,amihud&ma_cross_50_200_highvol_n4|mom6_positive+rsi_below_85,283.8,9.9
2019-07-01,contra,bb_lower_all_n4,101.5,-0.2
2020-01-01,defens/flow,low_atr&vol_surge_lowvol_n4,66.9,11.6
2020-07-01,contra,bb_lower_highvol_n4,136.8,38.4
2021-01-01,contra/micro,bb_lower&skew_neg_all_n4,226.7,12.0
2021-07-01,quality2/trend,eff_ratio_6m&ma_cross_50_200_highvol_n4|above_50dma+vol_above_med,297.3,41.3
2022-01-01,quality/trend,mom_3m&sortino_6m_highvol_n4|vol_above_med,428.4,-16.4
2022-07-01,micro/trend,amihud&ma_cross_50_200_highvol_n4|above_50dma+vol_above_med,740.8,28.7
2023-01-01,micro/trend,amihud&ma_cross_50_200_highvol_n4|above_50dma+vol_above_med,562.7,9.5
2023-07-01,micro/quality,amihud&trend_r2_all_n4|liq_above_med|gate_mkt_6m_pos,225.9,30.5
2024-01-01,micro/trend,adx_14&price_low_highvol_n4|rsi_below_85+vol_above_med,327.4,33.3
2024-07-01,micro/trend,adx_14&price_low_all_n4|rsi_below_85,542.3,-15.6
2025-01-01,quality/trend,calmar_6m&trix_15_highvol_n4|above_50dma+rsi_below_85,395.3,26.6
2025-07-01,flow/quality2,eff_ratio_6m&vol_surge_highvol_n4|above_50dma+rsi_below_85,499.9,5.6
2026-01-01,quality/trend,macd_12_26&sortino_6m_highvol_n4|above_50dma+rsi_below_85,236.5,19.9
