Date,0
2015-01-01,10000000.0
2015-01-02,9990000.0
2015-01-05,9676178.13770033
2015-01-06,9408095.529020276
2015-01-07,9456558.267310655
2015-01-08,9650057.562299721
2015-01-09,9545331.760553721
2015-01-12,9866812.327195108
2015-01-13,9799097.372570667
2015-01-14,9748893.653800607
2015-01-15,9983565.746600125
2015-01-16,10073638.832734548
2015-01-19,10065860.287569268
2015-01-20,9987677.90126701
2015-01-21,10333317.270192109
2015-01-22,10416813.381496757
2015-01-23,10539985.937056806
2015-01-27,10632416.90173164
2015-01-28,10942805.052878425
2015-01-29,10937194.656961665
2015-01-30,11166029.14974536
2015-02-02,11358378.663701363
2015-02-03,11242571.22548441
2015-02-04,10947571.801127275
2015-02-05,10790199.618172042
2015-02-06,10611352.800861716
2015-02-09,10405222.279924162
2015-02-10,10312019.583657682
2015-02-11,10675571.831311943
2015-02-12,10732853.509014197
2015-02-13,10642745.955836752
2015-02-16,10625031.818694383
2015-02-18,10739618.876570877
2015-02-19,11299861.039735157
2015-02-20,11320835.310113728
2015-02-23,11319543.77304764
2015-02-24,11433815.924249351
2015-02-25,11263214.802027022
2015-02-26,11278248.76358105
2015-02-27,11509008.393079653
2015-03-02,11428132.984708887
2015-03-03,11617011.320423583
2015-03-04,11430246.72956983
2015-03-05,11739450.938127644
2015-03-09,11509363.8250619
2015-03-10,11400357.819787633
2015-03-11,11399647.2047237
2015-03-12,11570997.112521159
2015-03-13,11101453.098284025
2015-03-16,10995092.87947049
2015-03-17,10969269.38321077
2015-03-18,10836723.650712088
2015-03-19,10438951.962492827
2015-03-20,10456835.736523157
2015-03-23,10460746.712961983
2015-03-24,10381211.44447487
2015-03-25,10352588.509537563
2015-03-26,10301870.829391727
2015-03-27,10366674.265237872
2015-03-30,10716412.716315422
2015-03-31,10848931.382967472
2015-04-01,10961595.997229649
2015-04-06,11028594.0370484
2015-04-07,11227206.199234601
2015-04-08,11431768.42367347
2015-04-09,11528468.79413621
2015-04-10,11787178.31819483
2015-04-13,11734309.90169591
2015-04-15,11676354.618376248
2015-04-16,11538676.680476598
2015-04-17,11458266.495394185
2015-04-20,10977956.973333217
2015-04-21,10921881.775478749
2015-04-22,10883306.734776638
2015-04-23,10818715.07429872
2015-04-24,10616005.121120196
2015-04-27,10271332.169143705
2015-04-28,10407937.067365687
2015-04-29,10403631.33609654
2015-04-30,10411772.812263558
2015-05-04,11129875.30038145
2015-05-05,10860091.364073832
2015-05-06,10246511.773293296
2015-05-07,10022527.539103502
2015-05-08,10351554.277950354
2015-05-11,10531569.48095848
2015-05-12,10098086.56622754
2015-05-13,10289771.559445929
2015-05-14,10332336.93625256
2015-05-15,10327788.907309523
2015-05-18,10366880.587211778
2015-05-19,10482035.03087926
2015-05-20,10530336.48519502
2015-05-21,10464747.876346856
2015-05-22,10580355.088458868
2015-05-25,10635592.635320105
2015-05-26,10532582.623096656
2015-05-27,10480642.09418118
2015-05-28,10388434.099323608
2015-05-29,10435899.589817632
2015-06-01,10421793.161864521
2015-06-02,10133119.314021116
2015-06-03,9545079.974234266
2015-06-04,9526795.027436681
2015-06-05,9393525.769185608
2015-06-08,9275705.945220895
2015-06-09,9323826.668622624
2015-06-10,9315740.42526849
2015-06-11,8985472.721621033
2015-06-12,8970637.542983774
2015-06-15,9083070.537396366
2015-06-16,9016203.254967427
2015-06-17,9056208.256276242
2015-06-18,9014817.684427205
2015-06-19,9196735.692306994
2015-06-22,9507209.00861916
2015-06-23,9619204.601406619
2015-06-24,9483437.312806092
2015-06-25,9803617.41155296
2015-06-26,9623712.069167282
2015-06-29,9434187.288181122
2015-06-30,9510807.96433058
2015-07-01,9713531.981015138
2015-07-02,9714695.923928564
2015-07-03,9536069.377279593
2015-07-06,9630933.204095336
2015-07-07,9544517.884404214
2015-07-08,9358903.675399385
2015-07-09,9348771.299540428
2015-07-10,9431914.449296672
2015-07-13,9605544.534195984
2015-07-14,9835026.71869239
2015-07-15,9924792.25547448
2015-07-16,10172166.840267139
2015-07-17,10179904.37287018
2015-07-20,10428571.184182871
2015-07-21,10255734.088029813
2015-07-22,10255299.423950236
2015-07-23,10182655.806903068
2015-07-24,10101469.089112092
2015-07-27,9873149.283291398
2015-07-28,9837072.118756609
2015-07-29,9930609.626279572
2015-07-30,9996946.177221712
2015-07-31,10170023.131674074
2015-08-03,10176998.261664333
2015-08-04,10069029.634124458
2015-08-05,9951194.641780745
2015-08-06,10054521.029442066
2015-08-07,9917875.284692882
2015-08-10,9968996.991215067
2015-08-11,9896030.13307088
2015-08-12,9815374.819823606
2015-08-13,9362282.678268153
2015-08-14,9179878.201976202
2015-08-17,9217663.175744422
2015-08-18,9356690.009200545
2015-08-19,9294245.184426006
2015-08-20,9133305.692941587
2015-08-21,8997590.046448741
2015-08-24,8371778.717233213
2015-08-25,8208656.991625059
2015-08-26,8277017.969818146
2015-08-27,8360579.066978554
2015-08-28,8606990.59850135
2015-08-31,8675888.330866411
2015-09-01,8550069.929897266
2015-09-02,8472634.055977827
2015-09-03,8573384.075684497
2015-09-04,8367584.439934366
2015-09-07,8120961.684337929
2015-09-08,8200222.06835816
2015-09-09,8321428.113721754
2015-09-10,8369546.268552188
2015-09-11,8437490.95905924
2015-09-14,8560512.598165719
2015-09-15,8953359.672955656
2015-09-16,8871451.479739716
2015-09-18,8848277.927225534
2015-09-21,8989596.513849612
2015-09-22,8815170.13411343
2015-09-23,8848241.13914753
2015-09-24,8925421.098382784
2015-09-28,8914193.677034922
2015-09-29,9015923.56930365
2015-09-30,9068382.502349688
2015-10-01,9032390.692605188
2015-10-05,9193733.21273797
2015-10-06,9168880.002638474
2015-10-07,9136075.578316247
2015-10-08,9227642.061183397
2015-10-09,9543885.650315575
2015-10-12,9570337.673351265
2015-10-13,9860977.537580522
2015-10-14,9742825.346520549
2015-10-15,9848854.765428524
2015-10-16,10037641.924926143
2015-10-19,10433901.849591115
2015-10-20,10222920.573758867
2015-10-21,10050648.833197601
2015-10-23,9938424.814142667
2015-10-26,9894295.287833456
2015-10-27,9965326.750437303
2015-10-28,9981986.9708737
2015-10-29,10016644.676785283
2015-10-30,10009997.68779574
2015-11-02,9854525.79484364
2015-11-03,9767813.204515852
2015-11-04,9667045.40646481
2015-11-05,9551877.713170653
2015-11-06,9391628.300820345
2015-11-09,9329860.536571136
2015-11-10,9255045.769194165
2015-11-13,9402455.865236241
2015-11-16,9835060.02379161
2015-11-17,9983730.180977097
2015-11-18,10071943.499951413
2015-11-19,10156112.575725626
2015-11-20,10265822.778573757
2015-11-23,10162524.589174943
2015-11-24,10118498.047474105
2015-11-26,10309844.006491255
2015-11-27,10320755.104578976
2015-11-30,10185894.220626473
2015-12-01,10308609.38934438
2015-12-02,10407413.298688266
2015-12-03,10231796.165147448
2015-12-04,10070716.074410405
2015-12-07,10011795.689708233
2015-12-08,9825124.73801392
2015-12-09,9701679.953570163
2015-12-10,9706637.899791937
2015-12-11,9624068.294365425
2015-12-14,9676841.272074535
2015-12-15,9721261.863175996
2015-12-16,9713053.079244774
2015-12-17,10043680.497826783
2015-12-18,10023705.844906531
2015-12-21,10135860.584893242
2015-12-22,10115191.91850023
2015-12-23,10137711.086735174
2015-12-24,10120164.412858482
2015-12-28,10095626.819367506
2015-12-29,10054451.288478373
2015-12-30,10020308.07043453
2015-12-31,10020819.18306059
2016-01-01,10310384.839271735
2016-01-04,10280319.245728752
2016-01-05,10337883.413792772
2016-01-06,10185355.420848807
2016-01-07,9825330.20304663
2016-01-08,9907135.313566491
2016-01-11,9830839.623208456
2016-01-12,9717904.199819066
2016-01-13,9628167.261894194
2016-01-14,9682755.742604373
2016-01-15,9364207.352951689
2016-01-18,9156889.902240373
2016-01-19,9177780.477882037
2016-01-20,9140033.044317346
2016-01-21,8945061.951570276
2016-01-22,9111545.434325883
2016-01-25,9104936.946235329
2016-01-27,9137092.522786902
2016-01-28,9236834.105761595
2016-01-29,9275394.884426665
2016-02-01,9523860.077974796
2016-02-02,9332058.557448328
2016-02-03,9126507.89069185
2016-02-04,8761396.618221138
2016-02-05,8881641.650219534
2016-02-08,8790948.330378197
2016-02-09,8685422.546833934
2016-02-10,8563888.533446385
2016-02-11,8178792.243807893
2016-02-12,8014310.890782589
2016-02-15,8204077.328791656
2016-02-16,8071140.670870785
2016-02-17,8054794.400923028
2016-02-18,8136444.104592624
2016-02-19,8095006.787811734
2016-02-22,8076536.489388308
2016-02-23,8002614.409419114
2016-02-24,7920925.964565806
2016-02-25,7904727.137992363
2016-02-26,7910610.479009886
2016-02-29,7896348.9910257235
2016-03-01,8091698.02498346
2016-03-02,8225226.86662268
2016-03-03,8154989.962032188
2016-03-04,8204109.13296639
2016-03-08,8288079.333457781
2016-03-09,8301739.800391828
2016-03-10,8282407.799410598
2016-03-11,8335007.683851966
2016-03-14,8255297.376208516
2016-03-15,8085192.940848035
2016-03-16,7891000.676615162
2016-03-17,7960837.996177718
2016-03-18,8005375.057737619
2016-03-21,7966117.519174194
2016-03-22,7652904.005907647
2016-03-23,7531727.129726495
2016-03-28,7409049.722922627
2016-03-29,7534076.423782928
2016-03-30,7623134.533746129
2016-03-31,7731306.751735053
2016-04-01,7720848.814039864
2016-04-04,7761444.803249335
2016-04-05,7735026.419750234
2016-04-06,7738773.92916826
2016-04-07,7734267.487707322
2016-04-08,7911891.170408125
2016-04-11,7934438.68180374
2016-04-12,7961469.035038435
2016-04-13,7990413.276291459
2016-04-18,8059333.130347889
2016-04-20,8173104.881606146
2016-04-21,8077042.912335253
2016-04-22,7987268.238382397
2016-04-25,7949921.766304612
2016-04-26,8040291.1263420675
2016-04-27,8055183.838854279
2016-04-28,7908737.195928716
2016-04-29,7866471.627966267
2016-05-02,7846248.2398231225
2016-05-03,7712373.374217428
2016-05-04,7621321.732135003
2016-05-05,7661561.4253691975
2016-05-06,7679117.956795327
2016-05-09,7744405.942156783
2016-05-10,7747298.384917249
2016-05-11,7708940.421294065
2016-05-12,7736097.973513823
2016-05-13,8105040.361233239
2016-05-16,7928996.580710519
2016-05-17,7986877.526800737
2016-05-18,7977479.872485777
2016-05-19,7759479.399879662
2016-05-20,7639104.500083815
2016-05-23,7837825.876667444
2016-05-24,7984693.902896026
2016-05-25,8018565.322475468
2016-05-26,7882458.946324956
2016-05-27,7990648.026075942
2016-05-30,8112958.552493947
2016-05-31,8242531.855019251
2016-06-01,8218606.778024505
2016-06-02,8275864.994266328
2016-06-03,8405444.817043167
2016-06-06,8339752.435080292
2016-06-07,8453788.61192872
2016-06-08,8551789.700422984
2016-06-09,8453283.241968436
2016-06-10,8412218.600834005
2016-06-13,8439772.473833425
2016-06-14,8450321.37308943
2016-06-15,8364941.72382896
2016-06-16,8330942.011704862
2016-06-17,8225095.181801152
2016-06-20,8306547.673847037
2016-06-21,8558593.911748433
2016-06-22,8477842.949634789
2016-06-23,8454389.969694182
2016-06-24,8588994.505329492
2016-06-27,8777791.668245997
2016-06-28,8790537.51377894
2016-06-29,8883598.355136272
2016-06-30,9000707.713549651
2016-07-01,9151681.056495745
2016-07-04,9304201.810664194
2016-07-05,9163652.893742763
2016-07-07,9159430.40379464
2016-07-08,9189024.412456911
2016-07-11,9510548.734365825
2016-07-12,9466874.956712684
2016-07-13,9407824.009127744
2016-07-14,9548586.421291485
2016-07-15,9661177.972196925
2016-07-18,9540222.527453803
2016-07-19,9508814.419625904
2016-07-20,9770920.213297889
2016-07-21,9773823.503656654
2016-07-22,9828388.614430843
2016-07-25,10060843.884252094
2016-07-26,10066149.920688028
2016-07-27,10143953.2210365
2016-07-28,10217721.937561857
2016-07-29,10073014.489933938
2016-08-01,10217735.404924177
2016-08-02,10115733.210003654
2016-08-03,9979844.436637694
2016-08-04,10030960.387181524
2016-08-05,10277793.356683113
2016-08-08,10208437.015107207
2016-08-09,10303098.505412653
2016-08-10,10170174.07680579
2016-08-11,10170707.912185613
2016-08-12,10340475.216509217
2016-08-16,10222912.115316588
2016-08-17,10262733.906411644
2016-08-18,10249070.220830532
2016-08-19,10393410.135442663
2016-08-22,10408573.449044822
2016-08-23,10428248.840685003
2016-08-24,10522344.783379657
2016-08-25,10712183.059856817
2016-08-26,10784782.897723354
2016-08-29,10840007.95882311
2016-08-30,11045487.776617954
2016-08-31,11182651.655824466
2016-09-01,11107315.553130172
2016-09-02,11155472.541537058
2016-09-06,11214988.216713263
2016-09-07,11233421.08536963
2016-09-08,11264758.58435032
2016-09-09,11077554.024741555
2016-09-12,10645427.795487164
2016-09-14,10753867.55519889
2016-09-15,10792202.31717259
2016-09-16,10759855.060170852
2016-09-19,10756230.142979667
2016-09-20,10725161.045836618
2016-09-21,10695072.214235052
2016-09-22,10962339.77586586
2016-09-23,10980657.768862106
2016-09-26,11043368.778193386
2016-09-27,11067563.95252868
2016-09-28,11058582.709471889
2016-09-29,10824027.801566195
2016-09-30,10851194.957746806
2016-10-03,11028228.640407322
2016-10-04,11276453.941616565
2016-10-05,11372544.38468327
2016-10-06,11483196.005689494
2016-10-07,11333826.954324758
2016-10-10,11354165.981701426
2016-10-13,11357963.78492378
2016-10-14,11371090.021106612
2016-10-17,11425139.820744198
2016-10-18,11567605.40333227
2016-10-19,11481564.570606995
2016-10-20,11471021.9218205
2016-10-21,11481999.463824231
2016-10-24,11449271.80533884
2016-10-25,11455224.267459963
2016-10-26,11460210.770551404
2016-10-27,11607237.09506607
2016-10-28,11869717.319979839
2016-11-01,11885112.227951923
2016-11-02,11747139.815473206
2016-11-03,11727905.857680354
2016-11-04,11614331.697114244
2016-11-07,11729251.993590603
2016-11-08,11800991.546045385
2016-11-09,11201388.782651654
2016-11-10,11574336.281404499
2016-11-11,11223698.237135055
2016-11-15,10403887.501709187
2016-11-16,10662727.322918415
2016-11-17,10491768.854987133
2016-11-18,10600135.314323876
2016-11-21,10466328.927119631
2016-11-22,10772239.118931208
2016-11-23,10848601.225323783
2016-11-24,10806137.48296601
2016-11-25,10852479.881689722
2016-11-28,11276576.580710862
2016-11-29,11204385.708604343
2016-11-30,11423799.49073453
2016-12-01,11331361.51880163
2016-12-02,11429776.40515837
2016-12-05,11493582.400487293
2016-12-06,11509030.783914562
2016-12-07,11421376.521868866
2016-12-08,11567127.04335269
2016-12-09,11674802.67421628
2016-12-12,11613179.47793531
2016-12-13,11567505.025497993
2016-12-14,11452432.66754463
2016-12-15,11526962.241188189
2016-12-16,11640861.789777411
2016-12-19,11369646.145386597
2016-12-20,11250253.476477263
2016-12-21,11507738.544340381
2016-12-22,11317789.557344671
2016-12-23,11373113.950760435
2016-12-26,11284166.793451438
2016-12-27,11565720.840253087
2016-12-28,11580583.752506273
2016-12-29,11836958.059456903
2016-12-30,12005817.184524149
2017-01-02,12250526.530558676
2017-01-03,12253130.192903595
2017-01-04,12373776.364391493
2017-01-05,12648405.734827047
2017-01-06,12670134.191140525
2017-01-09,12757444.896280717
2017-01-10,12918644.01568108
2017-01-11,13009488.056553101
2017-01-12,12833880.977889769
2017-01-13,12796787.415142618
2017-01-16,12688260.623818409
2017-01-17,12830209.727660691
2017-01-18,13150841.158811323
2017-01-19,13119791.343284864
2017-01-20,12865397.700649884
2017-01-23,13095935.821058609
2017-01-24,13340892.434278052
2017-01-25,13714441.581103195
2017-01-27,13831966.520449106
2017-01-30,13871798.847221535
2017-01-31,13517308.9569479
2017-02-01,13801776.072788956
2017-02-02,13786893.460736115
2017-02-03,13801421.35408539
2017-02-06,13807313.352750562
2017-02-07,13869205.515968923
2017-02-08,13992816.18915828
2017-02-09,13991973.840883274
2017-02-10,13906442.551863559
2017-02-13,13513273.769431608
2017-02-14,13305413.874169812
2017-02-15,12917706.378176205
2017-02-16,13157864.82865619
2017-02-17,13215337.106737647
2017-02-20,13216311.145007286
2017-02-21,13334379.046723476
2017-02-22,13264274.233471194
2017-02-23,13247642.865542926
2017-02-27,13346536.168439256
2017-02-28,13260013.461498946
2017-03-01,13403272.18857769
2017-03-02,13011226.158373052
2017-03-03,13097976.1949794
2017-03-06,13055672.398241866
2017-03-07,13316628.823901886
2017-03-08,13324635.593021141
2017-03-09,13261851.667050704
2017-03-10,13158097.393455459
2017-03-14,13393656.676967487
2017-03-15,13574568.573262675
2017-03-16,13895130.812767725
2017-03-17,13906296.838945497
2017-03-20,14162082.647556433
2017-03-21,13895700.292371374
2017-03-22,13827946.15151284
2017-03-23,13841780.330376333
2017-03-24,13912108.90988174
2017-03-27,13840951.02498749
2017-03-28,13819783.378270809
2017-03-29,13850857.84160803
2017-03-30,13898265.79431038
2017-03-31,13822900.442480223
2017-04-03,14125648.9050856
2017-04-05,14328904.704952043
2017-04-06,14544072.47203247
2017-04-07,14678707.586852241
2017-04-10,15325789.747409927
2017-04-11,14945109.96579933
2017-04-12,14359825.6115284
2017-04-13,14492907.955073902
2017-04-17,14427390.660686426
2017-04-18,14401268.099217832
2017-04-19,14582049.77612692
2017-04-20,14768768.817882359
2017-04-21,14724066.342750698
2017-04-24,14936587.434651079
2017-04-25,14975156.040365795
2017-04-26,14298361.04819834
2017-04-27,14012482.170849653
2017-04-28,13811993.386018926
2017-05-02,13788413.060162764
2017-05-03,13763143.5294297
2017-05-04,14005275.221663453
2017-05-05,13749731.04223551
2017-05-08,14081331.99532512
2017-05-09,14125539.919328699
2017-05-10,14247014.461394843
2017-05-11,14633000.78947826
2017-05-12,14779623.016037533
2017-05-15,15150733.122266859
2017-05-16,15486003.12393893
2017-05-17,15447435.748264631
2017-05-18,15321388.914701382
2017-05-19,15426144.37326131
2017-05-22,15271774.83862338
2017-05-23,14848335.089449342
2017-05-24,14889634.830057861
2017-05-25,15330428.214833416
2017-05-26,15635567.0757405
2017-05-29,15167354.343017157
2017-05-30,15420178.581620952
2017-05-31,16355951.590284597
2017-06-01,16917682.324298047
2017-06-02,16993700.403489675
2017-06-05,16956377.624178227
2017-06-06,16640011.517024897
2017-06-07,16567764.400708763
2017-06-08,16575813.149016265
2017-06-09,16820675.891627826
2017-06-12,16732892.654730868
2017-06-13,16914567.443178944
2017-06-14,17267881.767819203
2017-06-15,17520570.708341867
2017-06-16,17549077.72023311
2017-06-19,17530503.728352554
2017-06-20,17459855.82941519
2017-06-21,17285497.886550453
2017-06-22,17186701.37076845
2017-06-23,16867584.097781546
2017-06-27,16843148.956006005
2017-06-28,16880034.286837798
2017-06-29,16972012.151490107
2017-06-30,17168354.780709077
2017-07-03,17272400.632989176
2017-07-04,17164307.99061069
2017-07-05,17180222.55984224
2017-07-06,17545160.173970975
2017-07-07,17755687.750236608
2017-07-10,17653962.449578997
2017-07-11,17585733.6423076
2017-07-12,17520783.711963557
2017-07-13,17499765.384904042
2017-07-14,17135531.377314553
2017-07-17,16966080.19007434
2017-07-18,17113327.38513903
2017-07-19,17626006.285147667
2017-07-20,17627287.1792448
2017-07-21,17406837.62580471
2017-07-24,17397177.191908777
2017-07-25,17138350.020587765
2017-07-26,17226240.61818035
2017-07-27,17212198.57309645
2017-07-28,17181901.724533726
2017-07-31,17379536.013865605
2017-08-01,17502017.24939747
2017-08-02,17075006.35831257
2017-08-03,16910829.561877467
2017-08-04,17145059.90608554
2017-08-07,17012354.793248482
2017-08-08,17195726.549807988
2017-08-09,16996259.779901445
2017-08-10,16351598.877676837
2017-08-11,16172271.01342876
2017-08-14,16507937.702727381
2017-08-16,17210338.643256992
2017-08-17,17151360.441497013
2017-08-18,17512836.348437726
2017-08-21,17506168.469867826
2017-08-22,17744731.142454423
2017-08-23,18050925.141293008
2017-08-24,17747480.285666287
2017-08-28,18048198.65097034
2017-08-29,17689344.652554482
2017-08-30,18072344.62245792
2017-08-31,18309687.946708083
2017-09-01,18412703.837575987
2017-09-04,18039441.959407263
2017-09-05,18283573.981854606
2017-09-06,18637575.614844903
2017-09-07,19914794.55886242
2017-09-08,19755111.820226654
2017-09-11,19786156.042895302
2017-09-12,20402805.065868963
2017-09-13,20119266.71511359
2017-09-14,20330207.62559864
2017-09-15,20437534.13892957
2017-09-18,20453364.689210087
2017-09-19,20249957.610394582
2017-09-20,20160147.460389618
2017-09-21,19850659.90986865
2017-09-22,19249273.284899607
2017-09-25,18724298.96454149
2017-09-26,19244675.49224093
2017-09-27,18944698.178548694
2017-09-28,19292622.58813922
2017-09-29,19723017.065101996
2017-10-03,19632068.395422794
2017-10-04,19768980.094864365
2017-10-05,19887885.44306135
2017-10-06,20133373.244683485
2017-10-09,20230268.89581093
2017-10-10,20339940.654824406
2017-10-11,19912711.757976096
2017-10-12,20272241.727441832
2017-10-13,20618077.573861077
2017-10-16,21216823.94482945
2017-10-17,21131233.13455135
2017-10-18,20882673.283331517
2017-10-19,20890494.887878012
2017-10-23,21105809.65308938
2017-10-24,21509622.212457202
2017-10-25,21218349.771928117
2017-10-26,21304700.09709003
2017-10-27,21348141.01057881
2017-10-30,21664284.805201232
2017-10-31,21957174.380227383
2017-11-01,22234799.085394975
2017-11-02,22413539.885181867
2017-11-03,22293248.625781912
2017-11-06,22221407.941647902
2017-11-07,22148514.991253845
2017-11-08,21697966.84007744
2017-11-09,21753643.668830547
2017-11-10,21865509.132402703
2017-11-13,21653098.902568974
2017-11-14,21829378.508436743
2017-11-15,21634012.58356612
2017-11-16,22191290.02118719
2017-11-17,22381511.516635027
2017-11-20,22719210.21992942
2017-11-21,22712875.74245245
2017-11-22,23199662.203975197
2017-11-23,23090236.77921408
2017-11-24,23034593.42089536
2017-11-27,22717575.70796373
2017-11-28,23164062.12175589
2017-11-29,23411921.121842906
2017-11-30,23809402.64957528
2017-12-01,23914777.874728788
2017-12-04,23381974.193172056
2017-12-05,23013275.048339486
2017-12-06,22556947.981415745
2017-12-07,22462600.793561496
2017-12-08,22490137.174650583
2017-12-11,22069471.98228838
2017-12-12,22197053.715213228
2017-12-13,21991068.06652727
2017-12-14,21915433.67202897
2017-12-15,22207330.241136108
2017-12-18,22740633.293442186
2017-12-19,22755840.11335398
2017-12-20,22718067.22424923
2017-12-21,22997405.71910006
2017-12-22,23002648.265649546
2017-12-26,23105125.17249578
2017-12-27,23361714.753129125
2017-12-28,23732744.02902881
2017-12-29,24217959.3892155
2018-01-01,24390089.560494587
2018-01-02,24565195.31848785
2018-01-03,24806953.36426271
2018-01-04,25137125.258551873
2018-01-05,25172709.20996236
2018-01-08,24935666.152682714
2018-01-09,24612627.339488573
2018-01-10,24827074.08709082
2018-01-11,24786652.92195271
2018-01-12,24697765.411083907
2018-01-15,24573092.750359558
2018-01-16,24021550.1889379
2018-01-17,24168272.387330253
2018-01-18,22873599.753379762
2018-01-19,23151640.779350348
2018-01-22,23421948.338438697
2018-01-23,24060656.175261397
2018-01-24,23514111.024516724
2018-01-25,23520813.1239522
2018-01-29,23314303.3663685
2018-01-30,23035940.001542687
2018-01-31,22728448.417835534
2018-02-01,23017341.239768315
2018-02-02,21920711.9820958
2018-02-05,21716874.64546141
2018-02-06,20789808.586611122
2018-02-07,20767178.66698928
2018-02-08,21650800.287871808
2018-02-09,22023230.357603583
2018-02-12,22526058.666822758
2018-02-14,22437809.254825797
2018-02-15,22277882.38653362
2018-02-16,21951168.366639514
2018-02-19,22223266.918395452
2018-02-20,22483757.91286327
2018-02-21,22666356.016131107
2018-02-22,22958570.47497406
2018-02-23,23493760.5312558
2018-02-26,23741789.298155982
2018-02-27,23586254.725238428
2018-02-28,23804782.97138111
2018-03-01,23762933.455344833
2018-03-05,23882383.593849
2018-03-06,23817188.87685324
2018-03-07,22980765.409667756
2018-03-08,22562534.577460885
2018-03-09,22079554.110792466
2018-03-12,21654777.505676482
2018-03-13,22060984.77705117
2018-03-14,22599919.55293955
2018-03-15,22963826.433213763
2018-03-16,22689551.52298201
2018-03-19,22048747.533105344
2018-03-20,22108583.504809074
2018-03-21,22271482.906020083
2018-03-22,22200246.34326187
2018-03-23,21852065.094545826
2018-03-26,22047776.686344374
2018-03-27,22362748.97665021
2018-03-28,22025243.63282696
2018-04-02,22329270.054004345
2018-04-03,22273991.280889798
2018-04-04,21955061.33971092
2018-04-05,22314285.731981635
2018-04-06,22511543.86322098
2018-04-09,22727724.97933693
2018-04-10,23049483.257247236
2018-04-11,23684581.070745192
2018-04-12,23406735.312065963
2018-04-13,23659197.953064386
2018-04-16,23523328.82279416
2018-04-17,23741693.95766509
2018-04-18,23880061.404100798
2018-04-19,24119205.776411507
2018-04-20,23931419.639669795
2018-04-23,24038721.347764105
2018-04-24,23978649.081504807
2018-04-25,23903343.064438313
2018-04-26,23757095.99910713
2018-04-27,23578396.71537811
2018-04-30,24400439.969508752
2018-05-02,23956050.382034875
2018-05-03,23971638.951394618
2018-05-04,23945081.430813354
2018-05-07,24101505.822630256
2018-05-08,23894661.670500822
2018-05-09,23608583.732509397
2018-05-10,23408159.64586591
2018-05-11,23529203.036182962
2018-05-14,23358073.43281289
2018-05-15,23200700.219375174
2018-05-16,23003448.938748557
2018-05-17,22991046.16834515
2018-05-18,22178663.048748303
2018-05-21,22045837.21579443
2018-05-22,22107422.69020807
2018-05-23,21585234.21398296
2018-05-24,21459013.48683192
2018-05-25,21615768.253532324
2018-05-28,22268599.74755424
2018-05-29,22705074.082898013
2018-05-30,22598263.205815412
2018-05-31,22526937.765091293
2018-06-01,21927484.83917022
2018-06-04,21718132.439631388
2018-06-05,21301709.956109777
2018-06-06,21735162.93146219
2018-06-07,22278899.362441245
2018-06-08,22046471.858271148
2018-06-11,22021082.20417072
2018-06-12,22157474.36049162
2018-06-13,22268013.680839144
2018-06-14,22286484.81048626
2018-06-15,22159407.66488887
2018-06-18,22358229.84809929
2018-06-19,21894916.988750126
2018-06-20,21911311.772632964
2018-06-21,21851329.0296852
2018-06-22,22177454.292242315
2018-06-25,21675086.027155876
2018-06-26,21543240.034547314
2018-06-27,21270438.572903976
2018-06-28,20902318.080346048
2018-06-29,21529700.764137927
2018-07-02,21465787.845780578
2018-07-03,21463944.668052107
2018-07-04,21401508.50687988
2018-07-05,21258505.863329154
2018-07-06,21429325.9591557
2018-07-09,21726347.217704408
2018-07-10,22172732.554964896
2018-07-11,22512820.15065869
2018-07-12,23035177.24367825
2018-07-13,23139744.97048851
2018-07-16,22939265.688595414
2018-07-17,23017381.05021274
2018-07-18,22924778.071265277
2018-07-19,22352980.879194386
2018-07-20,22581877.22545262
2018-07-23,22503479.942587983
2018-07-24,23065649.395475816
2018-07-25,23052613.791811246
2018-07-26,23081779.459877785
2018-07-27,23251502.628135506
2018-07-30,22864837.84893061
2018-07-31,23055184.03644205
2018-08-01,23084942.862613834
2018-08-02,22778266.96599371
2018-08-03,22941994.742662307
2018-08-06,23370708.859111916
2018-08-07,23403825.01567612
2018-08-08,23604468.920630887
2018-08-09,23759843.901179172
2018-08-10,23928389.906741116
2018-08-13,23858556.29691861
2018-08-14,24567020.802035782
2018-08-16,24225954.627409257
2018-08-17,24641109.559011754
2018-08-20,24613042.78616858
2018-08-21,24767690.651942275
2018-08-23,25295120.871294763
2018-08-24,25412119.677574545
2018-08-27,25827258.419305604
2018-08-28,25235460.045188524
2018-08-29,25118779.94095143
2018-08-30,24692115.033600915
2018-08-31,24888642.832918305
2018-09-03,25182332.056677613
2018-09-04,24650104.2384948
2018-09-05,24298537.04058531
2018-09-06,24223318.396413058
2018-09-07,24499522.25750774
2018-09-10,24069061.429938667
2018-09-11,23765189.696184684
2018-09-12,23591256.50361726
2018-09-14,23781590.830058627
2018-09-17,23518755.44063434
2018-09-18,22992489.28298808
2018-09-19,22626303.994578853
2018-09-21,22881209.100364614
2018-09-24,22630662.6533752
2018-09-25,22809665.02086828
2018-09-26,23191873.256663438
2018-09-27,23004223.998193547
2018-09-28,22617764.25471473
2018-10-01,22514873.288328968
2018-10-03,22498578.823674005
2018-10-04,22209863.686522692
2018-10-05,21702899.091391504
2018-10-08,21248703.649718244
2018-10-09,21694868.398201045
2018-10-10,21997475.23844276
2018-10-11,21311305.732322667
2018-10-12,21636765.977406763
2018-10-15,22096903.56648009
2018-10-16,22203680.240246903
2018-10-17,21804334.12662034
2018-10-19,21690212.875698686
2018-10-22,21285987.494053632
2018-10-23,21076404.000856332
2018-10-24,21201356.0600712
2018-10-25,21385927.740199663
2018-10-26,21671477.577484757
2018-10-29,22952658.62421279
2018-10-30,23352449.640900962
2018-10-31,23524821.110609934
2018-11-01,24404816.593463145
2018-11-02,24079761.306075264
2018-11-05,23854797.404837463
2018-11-06,23804390.90073552
2018-11-07,23953738.646867223
2018-11-09,23742533.523012348
2018-11-12,23326844.620716475
2018-11-13,23111446.66097796
2018-11-14,24033949.674736053
2018-11-15,24814158.425817914
2018-11-16,24788075.55876006
2018-11-19,25346407.764129035
2018-11-20,25352775.791842338
2018-11-21,25142816.61470571
2018-11-22,24998480.649129502
2018-11-26,25115024.95743189
2018-11-27,25523154.37898057
2018-11-28,25122666.633661743
2018-11-29,24847595.669491187
2018-11-30,24877312.797706883
2018-12-03,24883263.84074568
2018-12-04,24993928.442321733
2018-12-05,24936410.419132244
2018-12-06,24994114.0333102
2018-12-07,24811015.14610421
2018-12-10,24106180.48447084
2018-12-11,24304784.40770599
2018-12-12,25192729.719796527
2018-12-13,25160572.164653152
2018-12-14,25018699.29755338
2018-12-17,25036281.543930423
2018-12-18,24917256.43757522
2018-12-19,25114348.78918671
2018-12-20,25004393.793596275
2018-12-21,24925322.13304057
2018-12-24,24673342.85593908
2018-12-26,24506869.30914188
2018-12-27,24522860.247089192
2018-12-28,24709877.58525216
2018-12-31,24735557.246777464
2019-01-01,24781614.85991898
2019-01-02,24719187.53770699
2019-01-03,24509570.89148506
2019-01-04,24717663.73433219
2019-01-07,24588902.379594035
2019-01-08,24650640.642198138
2019-01-09,24740232.33930267
2019-01-10,24952927.830692433
2019-01-11,24718521.319773104
2019-01-14,24670974.231127866
2019-01-15,24549950.43168687
2019-01-16,24408174.918838236
2019-01-17,24285292.83753534
2019-01-18,24114040.485802334
2019-01-21,23884420.8067488
2019-01-22,23697029.73678813
2019-01-23,23812945.808725413
2019-01-24,23676648.998637084
2019-01-25,23231748.935261387
2019-01-28,22189727.838742398
2019-01-29,22761099.92217171
2019-01-30,23133409.13289901
2019-01-31,23411185.400921393
2019-02-01,23232127.224275425
2019-02-04,22652169.407818545
2019-02-05,22665356.853885897
2019-02-06,22598680.57286962
2019-02-07,22513284.63696774
2019-02-08,22430855.02485438
2019-02-11,22437828.360386293
2019-02-12,22257621.512979127
2019-02-14,22771367.101549115
2019-02-15,23324788.35234129
2019-02-18,22869749.071820095
2019-02-19,22875457.64094553
2019-02-20,23212393.24992193
2019-02-21,23012785.188273877
2019-02-22,23242331.291518986
2019-02-25,23454790.035854973
2019-02-26,24063250.700904425
2019-02-27,24622292.357900597
2019-02-28,24836941.449368317
2019-03-01,24872936.71185309
2019-03-05,25344275.608345065
2019-03-06,24986372.58615446
2019-03-07,24851863.204071313
2019-03-08,25096167.921820186
2019-03-11,25506216.465114675
2019-03-12,25933385.374171194
2019-03-13,25866505.329582132
2019-03-14,25610196.64278345
2019-03-15,25371637.719944354
2019-03-18,25150882.727195583
2019-03-19,25266296.74410215
2019-03-20,24955271.800437436
2019-03-22,25026837.824408874
2019-03-25,24303325.806887936
2019-03-26,24330321.39928846
2019-03-27,24193051.97005032
2019-03-28,24421695.520657506
2019-04-01,25040346.569400527
2019-04-02,25424844.258700017
2019-04-03,24994301.46325499
2019-04-04,24912047.13610162
2019-04-05,25232803.362551905
2019-04-08,25227554.83900571
2019-04-09,25483691.07294424
2019-04-10,25128939.529201508
2019-04-11,25747251.16641835
2019-04-12,26286946.320457295
2019-04-15,26371624.711250495
2019-04-16,26710066.069167055
2019-04-18,26472377.991728142
2019-04-22,25771357.646783654
2019-04-23,25593392.969297644
2019-04-24,25907027.77737577
2019-04-25,25787345.476740018
2019-04-26,25576732.231397316
2019-04-30,25672717.251721606
2019-05-02,25358786.51402631
2019-05-03,25120435.857252195
2019-05-06,24993759.356059063
2019-05-07,24708744.149759058
2019-05-08,24357061.116653964
2019-05-09,24145756.88014576
2019-05-10,24409647.930980586
2019-05-13,24216663.243191894
2019-05-14,24687298.680595487
2019-05-15,24663076.76365505
2019-05-16,24647167.66299706
2019-05-17,24709370.76832636
2019-05-20,26328116.088705245
2019-05-21,25691203.76721897
2019-05-22,26020128.27635975
2019-05-23,26236505.026844233
2019-05-24,26854217.545434132
2019-05-27,26964399.46439237
2019-05-28,27341517.015400894
2019-05-29,27165511.653069157
2019-05-30,27070308.225021802
2019-05-31,27436634.55760474
2019-06-03,27496213.533579446
2019-06-04,27463300.398595415
2019-06-06,27014269.616739664
2019-06-07,26565831.278488945
2019-06-10,26963558.232456915
2019-06-11,27223712.179140322
2019-06-12,26773125.522418946
2019-06-13,27020653.192753017
2019-06-14,27203287.720224813
2019-06-17,26886896.794255193
2019-06-18,27220130.87115468
2019-06-19,26796350.493148584
2019-06-20,26840739.33460085
2019-06-21,26910272.732822575
2019-06-24,26767277.308519445
2019-06-25,27242941.328062676
2019-06-26,27039677.16309033
2019-06-27,27387014.08969195
2019-06-28,27192628.97715888
2019-07-01,27147089.900639847
2019-07-02,27825395.046596453
2019-07-03,27886138.69686948
2019-07-04,27850937.243208412
2019-07-05,27225094.690222017
2019-07-08,26304219.81400691
2019-07-09,26958652.57686076
2019-07-10,26790955.339144386
2019-07-11,26922842.1072656
2019-07-12,26718533.10611782
2019-07-15,26761797.24527365
2019-07-16,27328817.468584564
2019-07-17,27321588.66868091
2019-07-18,27165801.184735283
2019-07-19,26878397.003190253
2019-07-22,27053910.536679897
2019-07-23,27032141.936240736
2019-07-24,27048360.177527063
2019-07-25,26903309.049248908
2019-07-26,26866283.979747552
2019-07-29,26285756.484705657
2019-07-30,25967411.022900797
2019-07-31,25777660.505547717
2019-08-01,25586534.947552096
2019-08-02,25760507.7013909
2019-08-05,25436195.149585377
2019-08-06,25524860.183748916
2019-08-07,25816089.794728834
2019-08-08,26472474.974221893
2019-08-09,26455156.172191698
2019-08-13,25851304.184843373
2019-08-14,25749357.488294885
2019-08-16,26097157.88995599
2019-08-19,25807820.92944824
2019-08-20,25555090.98649966
2019-08-21,24935972.11452125
2019-08-22,24953833.22325772
2019-08-23,25132550.84356589
2019-08-26,26005121.30440726
2019-08-27,27037209.568177924
2019-08-28,27635736.74453954
2019-08-29,27654048.451529156
2019-08-30,27573958.525783017
2019-09-03,27081861.168989066
2019-09-04,27055912.073232684
2019-09-05,26863333.596405245
2019-09-06,26290000.680006668
2019-09-09,26867579.109669838
2019-09-11,27242401.083759937
2019-09-12,27003837.02792531
2019-09-13,27070993.41627329
2019-09-16,26954960.22079037
2019-09-17,26436075.41306621
2019-09-18,26483917.540777978
2019-09-19,26168893.066908572
2019-09-20,27635808.520571783
2019-09-23,26537357.239207886
2019-09-24,26763826.431182362
2019-09-25,26797455.06471243
2019-09-26,27170046.845316134
2019-09-27,26567035.969003208
2019-09-30,26324225.746243622
2019-10-01,25320368.562578887
2019-10-03,25737949.13421736
2019-10-04,25346856.628732346
2019-10-07,25533483.995214075
2019-10-09,26177947.80412468
2019-10-10,26261472.544562332
2019-10-11,26309053.88403283
2019-10-14,26391178.082063552
2019-10-15,26800261.49875229
2019-10-16,27372292.913392786
2019-10-17,27650935.45675054
2019-10-18,28093544.03975866
2019-10-22,26679259.587687906
2019-10-23,26335854.024883382
2019-10-24,26075817.168504827
2019-10-25,25886516.43893975
2019-10-27,26251953.614629302
2019-10-29,26383334.64114093
2019-10-30,26856362.764118988
2019-10-31,27281722.10321667
2019-11-01,27259056.154678583
2019-11-04,27147968.660531305
2019-11-05,27182238.505146407
2019-11-06,27471081.661920145
2019-11-07,27498002.854599047
2019-11-08,27717605.33592803
2019-11-11,27481629.296521023
2019-11-13,27052097.302504383
2019-11-14,27068909.728479058
2019-11-15,26707405.768694106
2019-11-18,26381616.620712128
2019-11-19,26458331.95012644
2019-11-20,26233288.889610812
2019-11-21,26108287.357599624
2019-11-22,26090114.67063443
2019-11-25,26333101.966388486
2019-11-26,25986356.31588836
2019-11-27,26128736.36848241
2019-11-28,25958331.790981267
2019-11-29,25864558.10112242
2019-12-02,26112594.267512914
2019-12-03,25469970.154256668
2019-12-04,25460389.326748382
2019-12-05,25656766.706551984
2019-12-06,25139687.747274224
2019-12-09,25104072.806271516
2019-12-10,24846931.234435577
2019-12-11,25356497.54110959
2019-12-12,25845426.37074199
2019-12-13,26010317.069180604
2019-12-16,25933872.25834579
2019-12-17,25849358.860778112
2019-12-18,25837249.934782363
2019-12-19,26176950.197325155
2019-12-20,26396388.388694722
2019-12-23,26132247.31625348
2019-12-24,26208753.012974612
2019-12-26,25968584.9066886
2019-12-27,26318390.547676485
2019-12-30,26540222.145885542
2019-12-31,26691076.429571524
2020-01-01,26662049.542749286
2020-01-02,26717815.787155665
2020-01-03,26807388.18479701
2020-01-06,26416346.85321304
2020-01-07,26400131.882266957
2020-01-08,27080337.24943279
2020-01-09,27069630.435751565
2020-01-10,27318454.417989317
2020-01-13,27567546.802089
2020-01-14,27570165.011992425
2020-01-15,27896820.251914002
2020-01-16,27938177.62553968
2020-01-17,27932035.148452625
2020-01-20,28680259.035525143
2020-01-21,28331562.66726754
2020-01-22,28659223.505621165
2020-01-23,28875571.528150648
2020-01-24,29000951.044857275
2020-01-27,28756698.186611027
2020-01-28,28479080.334405772
2020-01-29,28427537.855446577
2020-01-30,28035926.72424965
2020-01-31,28460104.2012287
2020-02-03,29213988.69684127
2020-02-04,29548279.853344053
2020-02-05,29785135.30547141
2020-02-06,29636546.166878045
2020-02-07,29897345.03561742
2020-02-10,30056580.720284827
2020-02-11,30207169.331533477
2020-02-12,30379105.524323307
2020-02-13,30577479.60824587
2020-02-14,30718339.458324835
2020-02-17,30284863.262289863
2020-02-18,30266991.871941555
2020-02-19,30262562.441610873
2020-02-20,30447888.438581742
2020-02-24,29769190.046521027
2020-02-25,29662994.815013576
2020-02-26,29583135.937455807
2020-02-27,29413649.605385095
2020-02-28,28485678.139566023
2020-03-02,28242932.631261427
2020-03-03,28930512.862933557
2020-03-04,28773129.467487328
2020-03-05,28998731.116984352
2020-03-06,28866952.53523029
2020-03-09,28122480.295130298
2020-03-11,28254763.717837807
2020-03-12,25660079.186030805
2020-03-13,26165701.65075557
2020-03-16,25408899.281047706
2020-03-17,25013925.13041105
2020-03-18,24357296.76513358
2020-03-19,23621425.946640134
2020-03-20,24830089.970992934
2020-03-23,21854127.793728493
2020-03-24,21964859.442313086
2020-03-25,22359052.260704815
2020-03-26,22796271.419220913
2020-03-27,22764635.51147396
2020-03-30,22524635.41041474
2020-03-31,23522322.06082482
2020-04-01,22637704.624622326
2020-04-03,21795831.999390047
2020-04-07,22620913.971941307
2020-04-08,24074547.888993036
2020-04-09,24283389.948843136
2020-04-13,24018834.203674145
2020-04-15,23849227.698684763
2020-04-16,24092539.661423
2020-04-17,23946842.342726868
2020-04-20,23828367.441451207
2020-04-21,24466926.882055882
2020-04-22,23801881.469342194
2020-04-23,23741248.574959826
2020-04-24,24297072.079906285
2020-04-27,24871117.522445276
2020-04-28,24649665.02274002
2020-04-29,24722101.05078467
2020-04-30,24886598.02957497
2020-05-04,24694411.691890746
2020-05-05,24238960.86429311
2020-05-06,24213300.107609466
2020-05-07,24038306.950710222
2020-05-08,24342241.182354502
2020-05-11,24428973.318863932
2020-05-12,23942681.123468354
2020-05-13,24203498.653822508
2020-05-14,24282691.17043522
2020-05-15,24266347.086048227
2020-05-18,24273904.25224275
2020-05-19,24019650.788863737
2020-05-20,24285242.586937554
2020-05-21,24218831.839463204
2020-05-22,24695310.96902675
2020-05-26,24586849.336621687
2020-05-27,24893811.933179185
2020-05-28,25223840.79905528
2020-05-29,26031836.917478565
2020-06-01,26245973.885608986
2020-06-02,26495412.15436325
2020-06-03,26475609.815502033
2020-06-04,26608168.616154436
2020-06-05,26483732.552814893
2020-06-08,26929585.09037116
2020-06-09,26871280.489644017
2020-06-10,26802856.794451874
2020-06-11,26586540.370077033
2020-06-12,26540488.877403997
2020-06-15,26607689.13257526
2020-06-16,26951115.61707254
2020-06-17,27629117.956899524
2020-06-18,28034310.517908648
2020-06-19,27889552.312239565
2020-06-22,28828251.005351484
2020-06-23,29175590.286524728
2020-06-24,29241700.219575502
2020-06-25,30029987.093251236
2020-06-26,30647440.33518996
2020-06-29,30435262.04860769
2020-06-30,30521784.02562881
2020-07-01,30462798.036120724
2020-07-02,30620207.970603738
2020-07-03,30423987.93474236
2020-07-06,30697755.01087342
2020-07-07,30565726.530609686
2020-07-08,30444209.939230174
2020-07-09,30288245.285311446
2020-07-10,30097464.198118277
2020-07-13,30147623.284247674
2020-07-14,29906963.20757358
2020-07-15,29321038.13079954
2020-07-16,28752227.648149237
2020-07-17,29945505.67256341
2020-07-20,30343037.171222556
2020-07-21,30282825.32298703
2020-07-22,30200887.61041604
2020-07-23,30355110.697680973
2020-07-24,29737360.397460684
2020-07-27,29088286.980646163
2020-07-28,29512999.76565558
2020-07-29,29849500.813450158
2020-07-30,30346421.095707763
2020-07-31,30250183.375114936
2020-08-03,29372122.43216623
2020-08-04,30472847.527084876
2020-08-05,30126452.954019073
2020-08-06,30270374.25026405
2020-08-07,30574573.347598433
2020-08-10,31002201.61610154
2020-08-11,30755668.90309228
2020-08-12,30534923.26305693
2020-08-13,30929354.705906644
2020-08-14,30421871.908830814
2020-08-17,30244257.567925602
2020-08-18,30664888.20192087
2020-08-19,31050194.622965507
2020-08-20,30956814.043986954
2020-08-21,31857071.110908292
2020-08-24,32089887.643781833
2020-08-25,31880631.037114337
2020-08-26,31905472.03669081
2020-08-27,32794613.010411367
2020-08-28,32896906.26795418
2020-08-31,32191605.63028359
2020-09-01,32513960.298047036
2020-09-02,33044329.014209986
2020-09-03,33515877.19050709
2020-09-04,32599549.30681555
2020-09-07,32156570.84185887
2020-09-08,31681673.68029578
2020-09-09,31517895.965771537
2020-09-10,32264623.377646033
2020-09-11,32576098.882544555
2020-09-14,33384317.738996282
2020-09-15,33668797.6312641
2020-09-16,33868653.16097231
2020-09-17,34091067.69919726
2020-09-18,33764138.09470544
2020-09-21,32623686.377120618
2020-09-22,31578990.54523365
2020-09-23,31181309.036252514
2020-09-24,29915661.994958226
2020-09-25,31066674.484471597
2020-09-28,31776419.571898617
2020-09-29,31607864.102956302
2020-09-30,31246423.54260321
2020-10-01,31250435.724686954
2020-10-05,31174051.906674653
2020-10-06,31419542.053530548
2020-10-07,31116963.31971632
2020-10-08,31241121.306253813
2020-10-09,31701144.480677254
2020-10-12,31661271.801053442
2020-10-13,31432778.120690193
2020-10-14,31623228.384923182
2020-10-15,31430462.760411624
2020-10-16,32153644.10667159
2020-10-19,32289996.96047507
2020-10-20,32655744.738665096
2020-10-21,32569055.89311655
2020-10-22,32470806.712467037
2020-10-23,32898132.701612905
2020-10-26,32105483.25700461
2020-10-27,32701032.42944406
2020-10-28,32301153.91672501
2020-10-29,32000541.71585627
2020-10-30,32481607.45390819
2020-11-02,32997453.70321537
2020-11-03,33495393.924272556
2020-11-04,33896026.857042946
2020-11-05,34753833.756328724
2020-11-06,35331394.24356429
2020-11-09,35788797.096479766
2020-11-10,36110185.87621837
2020-11-11,35802167.73101208
2020-11-12,35359244.74611839
2020-11-13,35561675.27349516
2020-11-14,35943045.29765443
2020-11-17,35649689.19234717
2020-11-18,35516765.93580729
2020-11-19,35807343.74941816
2020-11-20,36444230.558497235
2020-11-23,38090707.00798728
2020-11-24,39215198.63340776
2020-11-25,39279591.11707157
2020-11-26,38743278.77361942
2020-11-27,38403755.37605791
2020-12-01,38832495.53434095
2020-12-02,39201148.78594828
2020-12-03,39582059.994359195
2020-12-04,39991349.006597936
2020-12-07,40831386.578312345
2020-12-08,40796498.10755545
2020-12-09,40856402.44424982
2020-12-10,40718393.46937729
2020-12-11,40492548.057595946
2020-12-14,40688767.11082904
2020-12-15,41019261.47102303
2020-12-16,41190324.658618495
2020-12-17,41169318.42080616
2020-12-18,40907932.21935087
2020-12-21,40027039.22110079
2020-12-22,40182179.49365139
2020-12-23,40570338.463012606
2020-12-24,40422023.00176409
2020-12-28,41033302.04193461
2020-12-29,42025755.433430664
2020-12-30,41699818.69593049
2020-12-31,41700267.250441976
2021-01-01,42392802.93414106
2021-01-04,43025366.3327584
2021-01-05,43285207.27314257
2021-01-06,43007133.5806509
2021-01-07,43537104.368446015
2021-01-08,43525981.2882041
2021-01-11,43429024.64226735
2021-01-12,44096350.992310815
2021-01-13,44070192.812786736
2021-01-14,44514449.29758084
2021-01-15,44261615.48517379
2021-01-18,44682522.899943694
2021-01-19,44917006.45240013
2021-01-20,44889775.13741675
2021-01-21,44804041.93575876
2021-01-22,44053406.68312449
2021-01-25,43404130.068725415
2021-01-27,43175803.551527716
2021-01-28,43551311.24131488
2021-01-29,43296949.85174733
2021-02-01,45641732.1017485
2021-02-02,46098105.294011116
2021-02-03,47211526.12164939
2021-02-04,48324629.38361439
2021-02-05,47350808.20002088
2021-02-08,47208038.26134974
2021-02-09,46795456.170193054
2021-02-10,46872505.21669411
2021-02-11,46959125.74313589
2021-02-12,46596288.31729916
2021-02-15,46969846.6935503
2021-02-16,46954068.778894946
2021-02-17,46496221.36284493
2021-02-18,46419475.883600034
2021-02-19,46234692.19958398
2021-02-22,46253097.431443684
2021-02-23,46169422.082396135
2021-02-24,46151086.151160344
2021-02-25,46412945.54523119
2021-02-26,46267704.779131025
2021-03-01,46949434.503158726
2021-03-02,47443474.14519278
2021-03-03,47889861.602107555
2021-03-04,47829420.8586424
2021-03-05,47083016.91477031
2021-03-08,46779645.82491568
2021-03-09,46386793.08739864
2021-03-10,46888947.802541316
2021-03-12,46700798.99254672
2021-03-15,46038234.390362784
2021-03-16,46399509.86267158
2021-03-17,45839549.89064084
2021-03-18,45651174.129648834
2021-03-19,46072158.87707431
2021-03-22,46950074.34412574
2021-03-23,46991510.28363171
2021-03-24,46197638.43752146
2021-03-25,45009258.44088322
2021-03-26,44381911.75754269
2021-03-30,44300345.21809221
2021-03-31,43794832.05183644
2021-04-01,44767938.8172829
2021-04-05,43715703.831898436
2021-04-06,43604962.03139693
2021-04-07,44253802.02977453
2021-04-08,44517193.06345599
2021-04-09,44154944.544014215
2021-04-12,42262657.29521033
2021-04-13,43052279.914461404
2021-04-15,43124758.752322026
2021-04-16,43374785.20336599
2021-04-19,42210722.91270399
2021-04-20,42431561.52181975
2021-04-22,42461775.73376543
2021-04-23,42807186.33699545
2021-04-26,42972011.53260119
2021-04-27,43698616.49722916
2021-04-28,44383860.37136732
2021-04-29,44393780.94955328
2021-04-30,44097194.85561468
2021-05-03,44069159.114111096
2021-05-04,43892201.04140991
2021-05-05,44685330.52042771
2021-05-06,44682075.39636785
2021-05-07,45135153.28657867
2021-05-10,45517923.96100433
2021-05-11,45472791.08949371
2021-05-12,45739405.90818224
2021-05-14,45678695.71175228
2021-05-17,45935225.82056202
2021-05-18,46358777.07368591
2021-05-19,46643538.40589348
2021-05-20,46878534.14134206
2021-05-21,46950722.48067141
2021-05-24,46792329.98055979
2021-05-25,46429659.60245001
2021-05-26,46416030.64434856
2021-05-27,46479118.349513255
2021-05-28,46766542.80350728
2021-05-31,47273107.55164865
2021-06-01,47058841.700507775
2021-06-02,47329100.442707665
2021-06-03,47498272.86928582
2021-06-04,47360400.832993
2021-06-07,47419599.32203771
2021-06-08,48194367.38099286
2021-06-09,47994320.239761844
2021-06-10,48473763.07043507
2021-06-11,48820408.32935296
2021-06-14,49129565.28953754
2021-06-15,49412098.36194837
2021-06-16,49105044.85464674
2021-06-17,48795506.860089585
2021-06-18,48172860.199704476
2021-06-21,48318573.2114597
2021-06-22,48600171.93552871
2021-06-23,48935535.482252255
2021-06-24,48683097.326271534
2021-06-25,48791407.811110325
2021-06-28,49300658.91045216
2021-06-29,49216013.11445401
2021-06-30,48795389.813221015
2021-07-01,48940673.4092971
2021-07-02,49151670.5161676
2021-07-05,49282001.92711833
2021-07-06,48864673.48115558
2021-07-07,49141989.97770786
2021-07-08,48802252.964762375
2021-07-09,48831097.90940537
2021-07-12,49034204.76179772
2021-07-13,48605312.52664834
2021-07-14,48798199.156974785
2021-07-15,50592062.15537224
2021-07-16,50251086.73666052
2021-07-19,50001492.12425678
2021-07-20,50115716.32282917
2021-07-22,51688071.387930274
2021-07-23,53116027.84396129
2021-07-26,53692791.32441881
2021-07-27,54409499.20880067
2021-07-28,54965198.5549186
2021-07-29,56327468.57982701
2021-07-30,56965196.70821745
2021-08-02,56209457.025830455
2021-08-03,56084177.68449749
2021-08-04,56108178.810723424
2021-08-05,57457611.837998465
2021-08-06,57348153.73481802
2021-08-09,55975141.34501529
2021-08-10,53747972.030511335
2021-08-11,54575713.07511753
2021-08-12,55387032.16618337
2021-08-13,55506390.94156315
2021-08-16,56512382.49366167
2021-08-17,56169241.38476882
2021-08-18,55862848.33001611
2021-08-20,52841367.96120407
2021-08-23,50361353.31987204
2021-08-24,51315216.41786389
2021-08-25,51970446.65957296
2021-08-26,52551894.4466077
2021-08-27,53060573.6218779
2021-08-30,54757370.58340729
2021-08-31,55896104.66019647
2021-09-01,54855514.838420436
2021-09-02,54703997.34993714
2021-09-03,54792936.097722344
2021-09-06,54767134.45169733
2021-09-07,54308543.87261841
2021-09-08,55099060.56969147
2021-09-09,56541558.60253483
2021-09-13,57524351.02162819
2021-09-14,58574818.35201429
2021-09-15,59213064.10614847
2021-09-16,59692076.67201746
2021-09-17,60717205.43433425
2021-09-20,60931198.12565768
2021-09-21,60873761.123127185
2021-09-22,60979695.36090824
2021-09-23,62438914.542523645
2021-09-24,62661123.73802154
2021-09-27,63514504.712744966
2021-09-28,64045515.893814705
2021-09-29,64699665.76872091
2021-09-30,64903174.08265293
2021-10-01,64754165.45519422
2021-10-04,66399799.946837604
2021-10-05,67235137.90852146
2021-10-06,68939940.87099512
2021-10-07,70622837.86928138
2021-10-08,71734088.18987039
2021-10-11,71746280.84441173
2021-10-12,71707534.81236503
2021-10-13,72483958.38063155
2021-10-14,74985237.36715256
2021-10-18,75875302.09477745
2021-10-19,73536420.51700622
2021-10-20,68794985.7847538
2021-10-21,68684561.93230492
2021-10-22,69288812.59221448
2021-10-25,65325909.200762324
2021-10-26,65975749.05066676
2021-10-27,65858678.90836193
2021-10-28,66388198.44967177
2021-10-29,65077352.08507576
2021-11-01,65969450.61524251
2021-11-02,65943806.64890427
2021-11-03,65206566.619663864
2021-11-04,65881486.779219076
2021-11-08,65834068.447763816
2021-11-09,66846985.77039697
2021-11-10,66766520.835327335
2021-11-11,67541568.40214027
2021-11-12,67247297.21777028
2021-11-15,68409124.28649879
2021-11-16,69033355.54399496
2021-11-17,70042365.12648967
2021-11-18,68185110.25739741
2021-11-22,65665317.615445085
2021-11-23,66549167.044357955
2021-11-24,65744876.26605459
2021-11-25,66101451.65156488
2021-11-26,63636677.7309919
2021-11-29,63131480.93257286
2021-11-30,63713826.780555375
2021-12-01,65735043.23211546
2021-12-02,68992396.8096176
2021-12-03,68162334.6102418
2021-12-06,66318295.733492136
2021-12-07,67768166.57346061
2021-12-08,69752255.20665838
2021-12-09,69406760.71462731
2021-12-10,69924030.247305
2021-12-13,69984755.42079118
2021-12-14,71695120.82458822
2021-12-15,70906435.2828523
2021-12-16,69978033.79144241
2021-12-17,67409463.7106425
2021-12-20,65348711.67314748
2021-12-21,66542720.82018626
2021-12-22,67668809.12565637
2021-12-23,66741130.22695107
2021-12-24,66601686.55150944
2021-12-27,67024902.33574456
2021-12-28,68451288.86310056
2021-12-29,68868159.32443333
2021-12-30,68695426.74723864
2021-12-31,69053967.99419963
2022-01-03,69751705.36463028
2022-01-04,70567707.14735933
2022-01-05,69646924.73028909
2022-01-06,69171450.14059043
2022-01-07,70161163.79161416
2022-01-10,69076928.01135005
2022-01-11,69669477.20260084
2022-01-12,69676850.20367724
2022-01-13,70471319.29552652
2022-01-14,70365540.58689216
2022-01-17,70301032.86802447
2022-01-18,69173980.12777825
2022-01-19,68452119.01034549
2022-01-20,68813344.14048022
2022-01-21,66569054.39745353
2022-01-24,64233470.627125055
2022-01-25,65279789.06237811
2022-01-27,65343497.13873656
2022-01-28,65272953.867609285
2022-01-31,64391523.216388
2022-02-01,65454059.003737174
2022-02-02,66603197.42680311
2022-02-03,67180453.8642334
2022-02-04,67941947.52399807
2022-02-07,67625818.94094524
2022-02-08,65729803.77804059
2022-02-09,66349416.25417849
2022-02-10,67680359.05478662
2022-02-11,67262572.97327703
2022-02-14,64338740.02022036
2022-02-15,65265814.20008904
2022-02-16,65567826.33360776
2022-02-17,68026172.33843714
2022-02-18,66667168.609385714
2022-02-21,64374098.702194795
2022-02-22,63912661.3605944
2022-02-23,64454836.64882858
2022-02-24,59519282.87042329
2022-02-25,62705770.21070996
2022-02-28,62876963.366092265
2022-03-02,64269860.40545834
2022-03-03,66028060.318487555
2022-03-04,64122872.893850386
2022-03-07,64388868.485531226
2022-03-08,64092746.98967192
2022-03-09,64958040.13155375
2022-03-10,67863412.77116182
2022-03-11,68439699.49009752
2022-03-14,70062874.3427474
2022-03-15,67960822.34246063
2022-03-16,69248012.93936318
2022-03-17,68624698.57176133
2022-03-21,68484209.05654937
2022-03-22,69364384.66938719
2022-03-23,70040014.53397462
2022-03-24,69665656.30377764
2022-03-25,70658851.12933305
2022-03-28,72127852.49462806
2022-03-29,70675147.37139052
2022-03-30,71035820.90474801
2022-03-31,71385840.16490728
2022-04-01,72037599.16146193
2022-04-04,73730243.01619868
2022-04-05,73862980.06219502
2022-04-06,74259399.10563058
2022-04-07,73102310.67235425
2022-04-08,75306393.85708748
2022-04-11,80064863.57418823
2022-04-12,80130734.96592212
2022-04-13,80804234.92005733
2022-04-18,81293183.11719441
2022-04-19,78381935.15762359
2022-04-20,78893367.81707194
2022-04-21,78665003.89567432
2022-04-22,78604450.30772442
2022-04-25,77361995.93457766
2022-04-26,81280373.7889318
2022-04-27,79089204.54517013
2022-04-28,81464415.62323588
2022-04-29,81206753.95564239
2022-05-02,81051618.3762022
2022-05-04,78481316.97091365
2022-05-05,79633459.76187834
2022-05-06,79517020.87514634
2022-05-09,75962314.01133615
2022-05-10,72147094.03841326
2022-05-11,71054414.53717007
2022-05-12,68361466.337722
2022-05-13,66782359.29708683
2022-05-16,68554009.41799259
2022-05-17,70490678.283364
2022-05-18,71573387.2823978
2022-05-19,68843345.39821912
2022-05-20,69569340.64947091
2022-05-23,68493359.65824687
2022-05-24,67175118.20300357
2022-05-25,65523168.77832702
2022-05-26,65781733.13354001
2022-05-27,66613309.36720842
2022-05-30,67111503.55746087
2022-05-31,64279753.57557668
2022-06-01,64235174.43268653
2022-06-02,65547669.3021552
2022-06-03,64096316.96163951
2022-06-06,65168060.05110921
2022-06-07,64930154.39846443
2022-06-08,64049760.42569618
2022-06-09,64912174.055140704
2022-06-10,63320745.15216955
2022-06-13,60954178.286703154
2022-06-14,61029384.31756723
2022-06-15,60604593.02534403
2022-06-16,59403039.62291678
2022-06-17,57122056.211798094
2022-06-20,53462298.46467723
2022-06-21,57372638.45165001
2022-06-22,55719265.682351366
2022-06-23,57015680.074070916
2022-06-24,57696560.72864596
2022-06-27,58027180.73277822
2022-06-28,58839397.00969822
2022-06-29,58613206.5895983
2022-06-30,58693261.8800688
2022-07-01,58739102.17545821
2022-07-04,59160573.55609253
2022-07-05,59177969.159169376
2022-07-06,60146874.77912544
2022-07-07,60246534.19225815
2022-07-08,61065058.50294602
2022-07-11,63408704.773718305
2022-07-12,63657615.985244006
2022-07-13,62841903.30047727
2022-07-14,64244910.13569595
2022-07-15,64733756.99533145
2022-07-18,65913275.915927395
2022-07-19,66239426.13800458
2022-07-20,65818590.33918841
2022-07-21,68196648.45989117
2022-07-22,67003692.670524895
2022-07-25,66722840.18743148
2022-07-26,65874674.92263851
2022-07-27,66545984.81548041
2022-07-28,66703905.54652797
2022-07-29,66962398.582561195
2022-08-01,68678429.26408796
2022-08-02,68133444.4816206
2022-08-03,68058740.0936568
2022-08-04,68785324.12817688
2022-08-05,68518291.40437004
2022-08-08,69076901.86030948
2022-08-10,69240772.92929356
2022-08-11,69487137.00348097
2022-08-12,70549860.94574507
2022-08-16,71425365.09563892
2022-08-17,71021566.35815504
2022-08-18,70922563.71321702
2022-08-19,69499874.91655456
2022-08-22,67118742.23582783
2022-08-23,69189115.99193935
2022-08-24,70953128.4945299
2022-08-25,70834544.90585564
2022-08-26,72103155.13926639
2022-08-29,72015293.82357031
2022-08-30,74679404.00984384
2022-09-01,74007506.3898457
2022-09-02,73834157.9896732
2022-09-05,73230806.09295109
2022-09-06,75704126.71945263
2022-09-07,75063877.4532011
2022-09-08,75429207.29166937
2022-09-09,75036908.86598064
2022-09-12,75218446.81799866
2022-09-13,75162223.64968935
2022-09-14,74357684.84056972
2022-09-15,75662763.30620329
2022-09-16,75112275.24108686
2022-09-19,75703022.16024047
2022-09-20,76758014.28628577
2022-09-21,75184180.17961697
2022-09-22,76942159.29951519
2022-09-23,75264799.87151371
2022-09-26,71329184.26752289
2022-09-27,70254375.2884113
2022-09-28,70313488.36899023
2022-09-29,69766392.46065803
2022-09-30,69446377.29877536
2022-10-03,68262493.84365068
2022-10-04,70994379.09724267
2022-10-06,72040712.70343412
2022-10-07,71826326.10753316
2022-10-10,70956144.41183506
2022-10-11,68862680.95895886
2022-10-12,69346627.35121076
2022-10-13,69306264.1784296
2022-10-14,68331860.55895703
2022-10-17,69897586.81463516
2022-10-18,71813619.83205077
2022-10-19,72515418.40558095
2022-10-20,71881474.45247507
2022-10-21,71639635.6126208
2022-10-24,72615355.98294072
2022-10-25,73526535.93870509
2022-10-27,73454528.98154487
2022-10-28,73530970.70634794
2022-10-31,75315831.5660587
2022-11-01,75820326.7911455
2022-11-02,75395316.32018748
2022-11-03,75627669.92772022
2022-11-04,76230132.59708309
2022-11-07,77118833.78857192
2022-11-09,76363346.21301717
2022-11-10,74149911.8043618
2022-11-11,73791049.0941304
2022-11-14,73784924.26406774
2022-11-15,73773991.22774222
2022-11-16,74044083.67024955
2022-11-17,75190200.97400287
2022-11-18,76061691.5207783
2022-11-21,76849807.5243973
2022-11-22,78322226.97517571
2022-11-23,78245118.23550881
2022-11-24,79424197.07931511
2022-11-25,78359501.84818093
2022-11-28,78711441.7127164
2022-11-29,79651876.22663595
2022-11-30,79263208.76621252
2022-12-01,79966718.56288406
2022-12-02,80733576.48704737
2022-12-05,81581073.11043704
2022-12-06,85055538.36879009
2022-12-07,85447175.30929509
2022-12-08,87656917.37875204
2022-12-09,83198532.09640345
2022-12-12,84436984.07478175
2022-12-13,88271000.58482374
2022-12-14,88622734.4799119
2022-12-15,85416748.54280302
2022-12-16,83559580.42226669
2022-12-19,83547177.14486161
2022-12-20,83729837.14311147
2022-12-21,80927673.2943922
2022-12-22,78691590.66420425
2022-12-23,73525839.25311956
2022-12-26,77804322.26231961
2022-12-27,78964014.18283205
2022-12-28,77836155.81270361
2022-12-29,77337691.83572942
2022-12-30,78640609.53350227
2023-01-02,80960470.01210839
2023-01-03,81071835.47746015
2023-01-04,80750108.56042266
2023-01-05,80810352.2016866
2023-01-06,80083550.07192852
2023-01-09,80488555.22253452
2023-01-10,78355069.21148682
2023-01-11,78542831.3967969
2023-01-12,78558802.88816404
2023-01-13,78663699.52970631
2023-01-16,80057527.75574094
2023-01-17,78922007.06802227
2023-01-18,77375725.23844285
2023-01-19,78287396.9958804
2023-01-20,77989042.07917963
2023-01-23,77325273.75880983
2023-01-24,77074592.03705183
2023-01-25,75882116.44329354
2023-01-27,72562964.6971291
2023-01-30,73714109.77875024
2023-01-31,76518524.1750311
2023-02-01,74256821.00011078
2023-02-02,73590582.22796635
2023-02-03,74070100.42642802
2023-02-06,73410218.80665718
2023-02-07,73263615.55141824
2023-02-08,72994354.75214462
2023-02-09,72816044.78869048
2023-02-10,73639329.16380143
2023-02-13,72997211.31130478
2023-02-14,73637382.26882632
2023-02-15,74013106.84096006
2023-02-16,74769837.90759377
2023-02-17,74635303.47503132
2023-02-20,74860615.41271982
2023-02-21,74607800.053207
2023-02-22,74702421.2275587
2023-02-23,74723870.43890378
2023-02-24,75016818.44231458
2023-02-27,74607836.99714887
2023-02-28,75117684.16065527
2023-03-01,76685826.74237928
2023-03-02,76526326.82991165
2023-03-03,76646969.22004789
2023-03-06,77118132.18318456
2023-03-08,78679751.08906354
2023-03-09,79020300.75949831
2023-03-10,78166186.26269065
2023-03-13,75895405.75945707
2023-03-14,72482859.01323806
2023-03-15,73743424.4451415
2023-03-16,73404592.23985086
2023-03-17,75440815.6743007
2023-03-20,73910402.26177654
2023-03-21,75051089.19452344
2023-03-22,76162373.35933682
2023-03-23,75901752.09457408
2023-03-24,73979707.04288204
2023-03-27,74069538.79105106
2023-03-28,74059513.20641424
2023-03-29,76020644.45435499
2023-03-31,75903869.3446801
2023-04-03,77040807.72833973
2023-04-05,77567847.76354377
2023-04-06,77378277.53498892
2023-04-10,78556194.54178748
2023-04-11,78633840.72109058
2023-04-12,78446890.48524933
2023-04-13,78176555.28957683
2023-04-17,80690767.58490664
2023-04-18,81762236.83060458
2023-04-19,81059000.60834494
2023-04-20,79891143.65833443
2023-04-21,79265547.22748277
2023-04-24,79725878.16865796
2023-04-25,79883851.75316101
2023-04-26,80406151.72822067
2023-04-27,79878163.10144219
2023-04-28,80967035.71220236
2023-05-02,81381245.58114658
2023-05-03,81690022.32843299
2023-05-04,82409196.39083317
2023-05-05,81436217.60585693
2023-05-08,81460272.35033676
2023-05-09,79087571.89101699
2023-05-10,79035867.683823
2023-05-11,78284301.66884942
2023-05-12,77875439.10713609
2023-05-15,79760343.1072499
2023-05-16,78937540.61186096
2023-05-17,78208182.19543763
2023-05-18,77835263.45767772
2023-05-19,77437231.06827897
2023-05-22,77895509.99179867
2023-05-23,78861354.84180233
2023-05-24,79295853.63599983
2023-05-25,80203781.42523004
2023-05-26,79205578.30015542
2023-05-29,78827616.37611747
2023-05-30,79868564.50827414
2023-05-31,79625139.91656569
2023-06-01,80123695.5236445
2023-06-02,80072241.0837626
2023-06-05,81793534.12647384
2023-06-06,83231857.22619922
2023-06-07,86407030.70962128
2023-06-08,85501604.63731143
2023-06-09,86745260.5547257
2023-06-12,88342757.22388038
2023-06-13,88978251.6972187
2023-06-14,89627503.4161264
2023-06-15,88131255.78608525
2023-06-16,89071266.39852555
2023-06-19,89405502.79689187
2023-06-20,89394437.97834548
2023-06-21,89402369.1105594
2023-06-22,87697632.4559545
2023-06-23,87560114.08734265
2023-06-26,88020077.36880028
2023-06-27,88123508.58857337
2023-06-28,87707701.9964264
2023-06-30,87788168.18369573
2023-07-03,87442201.65171212
2023-07-04,87442508.52330671
2023-07-05,88556010.9778446
2023-07-06,90473121.43526554
2023-07-07,89444279.90914965
2023-07-10,89000580.77269058
2023-07-11,89671568.58403607
2023-07-12,91201069.06469473
2023-07-13,91233534.64915743
2023-07-14,90869509.92918909
2023-07-17,90836357.34161957
2023-07-18,91931278.08286192
2023-07-19,92018419.22437024
2023-07-20,92412146.03850302
2023-07-21,92144743.98646851
2023-07-24,92504911.65035453
2023-07-25,91783167.47928847
2023-07-26,92106000.10843726
2023-07-27,92473295.53740332
2023-07-28,92565245.55723843
2023-07-31,93031436.099839
2023-08-01,93930313.84129432
2023-08-02,92066098.00120401
2023-08-03,91358427.519105
2023-08-04,93187875.76529668
2023-08-07,93533664.7020084
2023-08-08,93144321.63712402
2023-08-09,93648622.94516815
2023-08-10,92672098.11460724
2023-08-11,93392687.27418163
2023-08-14,92557285.26492676
2023-08-16,90422291.34376998
2023-08-17,91319499.32293038
2023-08-18,93245980.1182316
2023-08-21,94006501.43259922
2023-08-22,94448611.18830529
2023-08-23,95643858.95859776
2023-08-24,95482228.80446503
2023-08-25,94654076.82288791
2023-08-28,94689657.64353752
2023-08-29,96750081.87497175
2023-08-30,98274816.02690609
2023-08-31,100290745.84021914
2023-09-01,102177283.4258726
2023-09-04,102029112.5612117
2023-09-05,102600206.40851371
2023-09-06,104168271.38602215
2023-09-07,105480663.516163
2023-09-08,108359218.38259594
2023-09-11,109321543.64240544
2023-09-12,106327896.8673934
2023-09-13,105642644.21988767
2023-09-14,105447343.81018484
2023-09-15,105764662.20751536
2023-09-18,105859993.64295536
2023-09-20,105271946.6385296
2023-09-21,104614157.83870798
2023-09-22,104260186.00893612
2023-09-25,106008637.55936281
2023-09-26,105929403.97699228
2023-09-27,106260869.99376239
2023-09-28,104963290.4404458
2023-09-29,105101688.13690881
2023-10-03,105438882.11838892
2023-10-04,102894339.19655508
2023-10-05,102717116.39792162
2023-10-06,102430017.13113269
2023-10-09,102026026.9391722
2023-10-10,103363420.5246535
2023-10-11,105186453.81221914
2023-10-12,104787260.5654442
2023-10-13,104713349.26979142
2023-10-16,105575280.35587245
2023-10-17,106592272.17484298
2023-10-18,104831352.01455928
2023-10-19,104132211.31073749
2023-10-20,102592137.74992579
2023-10-23,99282328.70599437
2023-10-25,98138683.33241935
2023-10-26,99565942.91764614
2023-10-27,100389226.34378034
2023-10-30,101225776.6627001
2023-10-31,103467024.62236363
2023-11-01,101415987.70368947
2023-11-02,99879146.42748635
2023-11-03,100722871.31731749
2023-11-06,101877388.23660344
2023-11-07,103435206.8445208
2023-11-08,105004509.83881383
2023-11-09,103531765.84128778
2023-11-10,104300041.2953327
2023-11-13,105310287.09203842
2023-11-15,105727242.95175615
2023-11-16,106176614.4196538
2023-11-17,105506740.17835304
2023-11-20,105028785.77414392
2023-11-21,105353826.174533
2023-11-22,104461027.79264346
2023-11-23,105188289.59615391
2023-11-24,105341018.45593686
2023-11-28,105403206.95985468
2023-11-29,104849911.88977838
2023-11-30,104766087.16645965
2023-12-01,108077846.96716133
2023-12-04,109104174.94932619
2023-12-05,108913746.9604386
2023-12-06,113157892.52160265
2023-12-07,111314640.8396379
2023-12-08,110207486.30287182
2023-12-11,112910681.26422402
2023-12-12,110289356.28014253
2023-12-13,113808305.14431854
2023-12-14,114453607.72570673
2023-12-15,114033703.17503934
2023-12-18,115031568.52899343
2023-12-19,113621938.28326645
2023-12-20,109184881.01083016
2023-12-21,110392154.6890252
2023-12-22,112694272.17230976
2023-12-26,113447676.23377872
2023-12-27,113874066.99009024
2023-12-28,115433853.09706624
2023-12-29,116850552.42945637
2024-01-01,118077521.35923576
2024-01-02,118440845.99106008
2024-01-03,120848398.61868276
2024-01-04,124146942.17375843
2024-01-05,122545549.60975032
2024-01-08,122853010.3384417
2024-01-09,122229441.5257653
2024-01-10,123210149.60074082
2024-01-11,123360203.75923607
2024-01-12,122879341.55736889
2024-01-15,122578736.42269498
2024-01-16,125963797.20127612
2024-01-17,123709920.28291148
2024-01-18,123781925.38939026
2024-01-19,125489213.02179818
2024-01-23,120431710.37967384
2024-01-24,124166415.1477091
2024-01-25,126156636.04641412
2024-01-29,128160261.19410282
2024-01-30,128315394.25462355
2024-01-31,129664392.72060347
2024-02-01,130482992.33548759
2024-02-02,139064187.95998362
2024-02-05,135165171.2789423
2024-02-06,136819106.085447
2024-02-07,137888403.61541474
2024-02-08,140131839.65265426
2024-02-09,132662151.26308641
2024-02-12,121370091.09719071
2024-02-13,127871059.60949944
2024-02-14,131449555.6756011
2024-02-15,136626124.6829716
2024-02-16,134449474.30328488
2024-02-19,135604723.09565106
2024-02-20,135456134.41547814
2024-02-21,131968575.6785801
2024-02-22,132341809.94166377
2024-02-23,130069880.14434895
2024-02-26,130240414.8048111
2024-02-27,128259067.59458071
2024-02-28,124924183.59778802
2024-02-29,124632647.74617222
2024-03-01,127595292.2065772
2024-03-04,131347444.57361321
2024-03-05,132118571.97135973
2024-03-06,131242627.30489434
2024-03-07,129916314.89567322
2024-03-11,127975311.02387574
2024-03-12,127422241.1581145
2024-03-13,120491054.79874426
2024-03-14,122276981.91413671
2024-03-15,120724478.62213098
2024-03-18,122699829.08786409
2024-03-19,122550875.31453225
2024-03-20,124554311.95779663
2024-03-21,126451929.50014266
2024-03-22,126835722.90543884
2024-03-26,128464041.75723977
2024-03-27,127324345.42369044
2024-03-28,127993222.13973889
2024-04-01,133921656.61445136
2024-04-02,134282536.06818026
2024-04-03,133882314.25932239
2024-04-04,134831514.55624297
2024-04-05,135338576.58788663
2024-04-08,135576088.21577838
2024-04-09,135185723.16496772
2024-04-10,138824098.5760709
2024-04-12,136622179.32236287
2024-04-15,136205387.51510325
2024-04-16,134750761.102554
2024-04-18,135437495.03350455
2024-04-19,136361093.38137662
2024-04-22,137449054.08199984
2024-04-23,142212674.41405678
2024-04-24,139807024.45677423
2024-04-25,142379898.9410469
2024-04-26,144067260.7135344
2024-04-29,144861269.3685188
2024-04-30,142295719.53060654
2024-05-02,143439025.00524673
2024-05-03,143473213.22876188
2024-05-06,141373944.055822
2024-05-07,136563244.75425988
2024-05-08,137751227.59232023
2024-05-09,134417015.36350912
2024-05-10,137198892.54970995
2024-05-13,137826436.7209535
2024-05-14,141970814.02709645
2024-05-15,143492130.11032948
2024-05-16,143246033.7307095
2024-05-17,146214481.4795366
2024-05-21,151094102.12941957
2024-05-22,150466761.4989521
2024-05-23,149967171.1589721
2024-05-24,150581638.2973025
2024-05-27,150049880.12490568
2024-05-28,147472192.32840538
2024-05-29,147394767.49584103
2024-05-30,145630205.0251327
2024-05-31,148392154.51396713
2024-06-03,153512253.398071
2024-06-04,139715650.9995412
2024-06-05,143983511.39970177
2024-06-06,147844809.69834653
2024-06-07,150144133.33751664
2024-06-10,150010914.8222552
2024-06-11,153890940.42809117
2024-06-12,155312797.47172412
2024-06-13,155440540.41468585
2024-06-14,158656321.75786886
2024-06-18,160580970.56056437
2024-06-19,158191177.8756643
2024-06-20,157713615.95022336
2024-06-21,160206814.18809977
2024-06-24,163192834.88888857
2024-06-25,161540218.20783678
2024-06-26,162752296.69621715
2024-06-27,165122153.22681075
2024-06-28,163546054.78072053
2024-07-01,162283006.6426255
2024-07-02,159841433.49628428
2024-07-03,160993735.51238713
2024-07-04,161169425.7345965
2024-07-05,168669832.81757024
2024-07-08,166890169.51098338
2024-07-09,168046193.97581056
2024-07-10,166213398.14426482
2024-07-11,165363223.385244
2024-07-12,165840365.15336084
2024-07-15,168232169.88303137
2024-07-16,169401399.04449308
2024-07-18,169431054.45629898
2024-07-19,163886959.40709883
2024-07-22,160692966.55336472
2024-07-23,159659836.75805756
2024-07-24,159947116.33957213
2024-07-25,160294368.4654241
2024-07-26,159698338.63920838
2024-07-29,163769575.7038623
2024-07-30,163934797.2173678
2024-07-31,163535168.89941496
2024-08-01,162907045.49948776
2024-08-02,159559631.94922635
2024-08-05,154024789.39806545
2024-08-06,152540271.39962298
2024-08-07,155533069.83621046
2024-08-08,156281601.05166337
2024-08-09,159919038.71558988
2024-08-12,164312973.79502022
2024-08-13,165198127.39456287
2024-08-14,164369058.91488934
2024-08-16,167178058.49108186
2024-08-19,167393820.9425876
2024-08-20,167773125.62189087
2024-08-21,167348720.94250864
2024-08-22,167719611.97299272
2024-08-23,167707391.78073648
2024-08-26,166492135.05312124
2024-08-27,166162493.9783767
2024-08-28,166806251.24686602
2024-08-29,165319916.58878604
2024-08-30,165005818.5110742
2024-09-02,164508362.90576428
2024-09-03,164879785.71436754
2024-09-04,167690496.9547188
2024-09-05,169125098.49354404
2024-09-06,166369314.7494365
2024-09-09,164460071.14280653
2024-09-10,166453791.09179875
2024-09-11,166968311.2999918
2024-09-12,167800937.81332776
2024-09-13,168027921.98594552
2024-09-16,167563014.34594592
2024-09-17,166650583.70118505
2024-09-18,163776564.79284436
2024-09-19,156822704.31617802
2024-09-20,160109820.12165838
2024-09-23,163092105.63978514
2024-09-24,163396016.31885484
2024-09-25,161251369.36671707
2024-09-26,158944431.60412768
2024-09-27,159822419.88593295
2024-09-30,160059284.80848035
2024-10-01,159505587.30953324
2024-10-03,155336065.47714964
2024-10-04,154319029.63539782
2024-10-07,148170443.1575691
2024-10-08,152278352.47518587
2024-10-09,152212788.33197182
2024-10-10,151756331.64002746
2024-10-11,151482567.50842926
2024-10-14,149936715.89294448
2024-10-15,150253041.84539884
2024-10-16,150835198.7570226
2024-10-17,148941345.67233434
2024-10-18,148846224.04530522
2024-10-21,145579383.56912065
2024-10-22,140179825.19626442
2024-10-23,139602747.12652466
2024-10-24,139125623.7637966
2024-10-25,133882136.04168744
2024-10-28,139541573.4894838
2024-10-29,140030666.4170131
2024-10-30,140912454.57171786
2024-10-31,142533112.0848555
2024-11-01,145891184.62528765
2024-11-04,141197153.19733733
2024-11-05,147298666.8197438
2024-11-06,149950719.43563896
2024-11-07,148695352.9737041
2024-11-08,144954145.77738744
2024-11-11,144364898.41363263
2024-11-12,142658339.57833052
2024-11-13,138577533.9871686
2024-11-14,137108158.36121017
2024-11-18,129509946.07373741
2024-11-19,128790526.74603632
2024-11-21,125748259.9239203
2024-11-22,125393076.25348894
2024-11-25,128803084.69743866
2024-11-26,132670895.77207094
2024-11-27,137152748.13347816
2024-11-28,137109428.45301294
2024-11-29,137426728.43483108
2024-12-02,138685604.36183885
2024-12-03,141794927.0683056
2024-12-04,143400805.22790062
2024-12-05,143931828.37450752
2024-12-06,145074940.33286464
2024-12-09,144161997.8745338
2024-12-10,144502052.8180371
2024-12-11,144672479.94753802
2024-12-12,144792557.40339372
2024-12-13,145656568.0604276
2024-12-16,145975668.97520387
2024-12-17,144095158.29584366
2024-12-18,143744338.9058435
2024-12-19,143225120.6335643
2024-12-20,139267309.59286132
2024-12-23,140177415.3512379
2024-12-24,139946542.5735173
2024-12-26,140091753.9008069
2024-12-27,140562055.76080358
2024-12-30,143744715.93771318
2024-12-31,142444808.2595224
2025-01-01,142857904.83704516
2025-01-02,144762523.48032457
2025-01-03,144362783.0015013
2025-01-06,140825882.72834063
2025-01-07,143262935.2325334
2025-01-08,141812488.3764063
2025-01-09,138682132.314708
2025-01-10,138658537.49756142
2025-01-13,132445514.88132733
2025-01-14,134350403.68651658
2025-01-15,139138676.72650525
2025-01-16,140879984.04652983
2025-01-17,139886386.43859628
2025-01-20,139656903.4260809
2025-01-21,131746706.98213556
2025-01-22,130527534.02625942
2025-01-23,134017326.58617671
2025-01-24,133922159.09879029
2025-01-27,130229034.4202303
2025-01-28,126974020.01203959
2025-01-29,129964731.19096307
2025-01-30,131022161.98379275
2025-01-31,131939848.5313943
2025-02-01,133620182.29794703
2025-02-03,134676743.10981527
2025-02-04,137488402.77340943
2025-02-05,139967421.85466158
2025-02-06,136584941.9586775
2025-02-07,137903075.75774738
2025-02-10,135417063.50995332
2025-02-11,129812224.27592745
2025-02-12,130089101.07036354
2025-02-13,131008419.1627813
2025-02-14,126801620.7657189
2025-02-17,126116228.46951476
2025-02-18,126797659.27248809
2025-02-19,126830580.12380247
2025-02-20,129838837.94146195
2025-02-21,128220560.55078927
2025-02-24,125830116.45273215
2025-02-25,125063165.30956784
2025-02-27,129418815.89798005
2025-02-28,126297748.14780913
2025-03-03,126663286.04523599
2025-03-04,127854547.28725505
2025-03-05,128573510.27635792
2025-03-06,129040703.84390914
2025-03-07,130394635.27766107
2025-03-10,128929895.1405718
2025-03-11,129355021.13652277
2025-03-12,129973579.30720983
2025-03-13,128411662.95644785
2025-03-17,129576568.70052728
2025-03-18,129576568.70052728
2025-03-19,137311867.6172332
2025-03-20,136839329.49777696
2025-03-21,138068959.5776295
2025-03-24,138653877.46349403
2025-03-25,137403563.42962885
2025-03-26,136757732.5629061
2025-03-27,138599614.6021187
2025-03-28,136238059.0941556
2025-04-01,132209165.2375492
2025-04-02,133923717.14702174
2025-04-03,135999196.07114097
2025-04-04,132814502.42237918
2025-04-07,124122680.99963512
2025-04-08,126116594.53569421
2025-04-09,126816016.76387411
2025-04-11,131386609.82250707
2025-04-15,140098854.62837866
2025-04-16,141326089.62366244
2025-04-17,141194614.8395991
2025-04-21,145534653.22741258
2025-04-22,145765328.7415758
2025-04-23,148213421.3917991
2025-04-24,148409088.60077262
2025-04-25,144644927.11350706
2025-04-28,149296436.45311192
2025-04-29,151485796.63432422
2025-04-30,148656940.40273026
2025-05-02,145578238.96514958
2025-05-05,150181968.24501216
2025-05-06,145939019.38026085
2025-05-07,148960701.145022
2025-05-08,147241309.18912718
2025-05-09,149352928.1739082
2025-05-12,153073636.20105147
2025-05-13,159489177.78834978
2025-05-14,161138838.34621775
2025-05-15,162071256.07925418
2025-05-16,167626135.17212063
2025-05-19,167196651.04817832
2025-05-20,164711871.77150542
2025-05-21,167676502.65332493
2025-05-22,168379424.56629723
2025-05-23,169328723.17729744
2025-05-26,169276914.14489746
2025-05-27,171393143.92050144
2025-05-28,171527450.7344026
2025-05-29,175471887.38499156
2025-05-30,176014433.04218516
2025-06-02,173775976.96276504
2025-06-03,178188216.06800246
2025-06-04,178927360.73785216
2025-06-05,187400346.98284814
2025-06-06,187524655.17584413
2025-06-09,189238855.87156707
2025-06-10,190486421.87087518
2025-06-11,184703258.81419337
2025-06-12,180834938.03131065
2025-06-13,181276486.0145397
2025-06-16,180736933.97438413
2025-06-17,182928991.85342428
2025-06-18,181666231.77135804
2025-06-19,179453879.8606375
2025-06-20,181953837.95969912
2025-06-23,184591367.7668975
2025-06-24,182883014.4011459
2025-06-25,182163019.63825005
2025-06-26,182379014.1279824
2025-06-27,181299580.79964685
2025-06-30,182890970.2505105
2025-07-01,181783807.02095783
2025-07-02,180008478.3624699
2025-07-03,180803610.64395496
2025-07-04,178855066.61638227
2025-07-07,178630161.87163544
2025-07-08,178652026.58515623
2025-07-09,178377166.36960164
2025-07-10,175279457.837612
2025-07-11,172584585.98177359
2025-07-14,173940734.0024974
2025-07-15,174198819.11099046
2025-07-16,173245803.54650486
2025-07-17,172160297.595065
2025-07-18,171471291.26466435
2025-07-21,174495364.37463284
2025-07-22,174086625.27432027
2025-07-23,174678927.62488332
2025-07-24,173676734.58069906
2025-07-25,170474562.48346454
2025-07-28,168580270.33022824
2025-07-29,169650546.64917168
2025-07-30,168730896.39612103
2025-07-31,170926628.38792008
2025-08-01,168448070.77313823
2025-08-04,170282978.34727252
2025-08-05,169660724.60533774
2025-08-06,167817568.77803668
2025-08-07,168026218.5969816
2025-08-08,164873286.230175
2025-08-11,166390093.37254038
2025-08-12,166177253.93046904
2025-08-13,166911102.06790572
2025-08-14,166788697.1268463
2025-08-18,171691423.07808858
2025-08-19,176155778.75996184
2025-08-20,176327525.89925528
2025-08-21,178027829.0230528
2025-08-22,177985586.600376
2025-08-25,176933322.58513945
2025-08-26,176394744.40380603
2025-08-28,174002327.5969295
2025-08-29,173967245.70044196
2025-09-01,183328921.61364216
2025-09-02,183254681.55583844
2025-09-03,189682453.5047105
2025-09-04,185428713.19199604
2025-09-05,182586659.05605093
2025-09-08,185152823.77024558
2025-09-09,185014287.39682296
2025-09-10,183157863.98678008
2025-09-11,181619746.4933939
2025-09-12,181570510.25347108
2025-09-15,182327298.07464167
2025-09-16,182858110.90501723
2025-09-17,183426415.36134812
2025-09-18,183401695.96779394
2025-09-19,183611887.71274123
2025-09-22,183866437.20990804
2025-09-23,184203177.95070705
2025-09-24,182036470.2698217
2025-09-25,181524519.62786818
2025-09-26,180291957.79475626
2025-09-29,178377812.48737028
2025-09-30,177659897.119901
2025-10-01,180544736.61400872
2025-10-03,177799089.54799783
2025-10-06,178849110.66624254
2025-10-07,179831354.41772196
2025-10-08,178111916.75172696
2025-10-09,177737826.27116114
2025-10-10,178253914.28125697
2025-10-13,181413140.2799695
2025-10-14,180466218.15077746
2025-10-15,181387922.50449324
2025-10-16,182196107.83963442
2025-10-17,184298240.32014322
2025-10-20,186381511.71369612
2025-10-21,186959387.79464376
2025-10-23,182817006.20938256
2025-10-24,182492521.86136365
2025-10-27,183831349.7657643
2025-10-28,182718436.76378417
2025-10-29,182182287.16457653
2025-10-30,181631034.3932888
2025-10-31,178714058.7126833
2025-11-03,179320694.90366164
2025-11-04,177473997.95794365
2025-11-06,174263822.50523362
2025-11-07,173918091.7715954
2025-11-10,174546408.6307969
2025-11-11,173582880.9568457
2025-11-12,174115332.7086504
2025-11-13,175215794.34589696
2025-11-14,175117437.42859226
2025-11-17,177381983.88281465
2025-11-18,175568986.19576445
2025-11-19,176369393.31954014
2025-11-20,175279033.4173222
2025-11-21,172730983.28453967
2025-11-24,173382394.6806425
2025-11-25,175928455.10114413
2025-11-26,179214568.1588667
2025-11-27,180742875.47510368
2025-11-28,180876691.41074345
2025-12-01,181530673.60664105
2025-12-02,181382248.65600684
2025-12-03,179170094.75182247
2025-12-04,178951173.14060825
2025-12-05,182343472.53521243
2025-12-08,178629337.097946
2025-12-09,175992058.36048442
2025-12-10,174949547.57041502
2025-12-11,173792316.38086072
2025-12-12,177839271.94044325
2025-12-15,178665937.2452839
2025-12-16,177577765.2938645
2025-12-17,178218823.86709374
2025-12-18,179255187.53944346
2025-12-19,181270617.37373546
2025-12-22,185963708.35687745
2025-12-23,186694691.8801228
2025-12-24,186768459.7235336
2025-12-26,187787928.80222237
2025-12-29,185290702.43474057
2025-12-30,189346697.9107746
2025-12-31,189009337.04865864
2026-01-01,191099301.1478199
2026-01-02,193197327.7079216
2026-01-05,192659476.93460894
2026-01-06,195652917.27511197
2026-01-07,195176676.5827974
2026-01-08,188818470.45273417
2026-01-09,192144404.23301667
2026-01-12,193795186.13499555
2026-01-13,194956476.95344657
2026-01-14,199590908.44967026
2026-01-15,199590908.44967026
2026-01-16,196487845.20868176
2026-01-19,199616151.72574538
2026-01-20,197733131.00947145
2026-01-21,199842486.83545744
2026-01-22,200560821.57233167
2026-01-23,204843641.8901728
2026-01-27,210471796.3992843
2026-01-28,214834305.781007
2026-01-29,220223206.07100293
2026-01-30,202144949.2167312
2026-02-02,196809085.8286293
2026-02-03,200215155.0041724
2026-02-04,202250526.30206662
2026-02-05,198568661.8903517
2026-02-06,199066833.2323945
2026-02-09,202103577.01631927
2026-02-10,203569716.40453508
2026-02-11,204839724.6519622
2026-02-12,205826612.47616917
2026-02-13,199330154.99218616
2026-02-16,201569592.39260685
2026-02-17,201840722.38774756
2026-02-18,203719196.99351045
2026-02-19,199496049.98668903
2026-02-20,204027027.01273882
2026-02-23,206193803.40882865
2026-02-24,207284318.18189293
2026-02-25,209544892.20941347
2026-02-26,211486358.4948044
2026-02-27,210415608.66915864
2026-03-02,207040748.38794744
2026-03-04,199599986.17533726
2026-03-05,203282615.61946693
2026-03-06,201640681.84819168
2026-03-09,194401069.83423233
2026-03-10,200580595.2503712
2026-03-11,195956187.02649784
2026-03-12,196249071.69461423
2026-03-13,189722341.6379903
2026-03-16,186385438.8339004
2026-03-17,191812840.36683524
2026-03-18,190215166.82482177
2026-03-19,186417930.13063043
2026-03-20,187200178.25489798
2026-03-23,179677813.56983995
2026-03-24,183085621.35035497
2026-03-25,187516864.80763888
2026-03-27,184496644.0468793
2026-03-30,184186890.34019828
2026-04-01,190691817.43397272
2026-04-02,191016489.5801515
2026-04-06,192022310.01639688
2026-04-07,194000949.66360462
2026-04-08,197292477.2241597
2026-04-09,201630214.58025372
2026-04-10,206897640.98434058
2026-04-13,208828928.22122693
2026-04-15,211739702.112813
2026-04-16,216257942.93195918
2026-04-17,221126578.13977718
2026-04-20,220662925.00012916
2026-04-21,221993299.37198618
2026-04-22,227881475.5019946
2026-04-23,229807927.48885396
2026-04-24,229527691.58155927
2026-04-27,232678150.8258219
2026-04-28,235090847.7968582
2026-04-29,231717251.71451554
2026-04-30,226699047.75020438
2026-05-01,226699047.75020438
2026-05-04,234608427.00118887
2026-05-05,236403521.87710285
2026-05-06,235695966.57073748
2026-05-07,240625305.263662
2026-05-08,237220756.64265573
2026-05-11,234318872.09922314
2026-05-12,227328166.7540509
2026-05-13,229870859.72886837
2026-05-14,237238059.32638222
2026-05-15,234095406.00584346
2026-05-18,235399070.06658053
2026-05-19,238241870.01489133
2026-05-20,243812289.69302565
2026-05-21,244668215.3797235
2026-05-22,243144550.96637625
2026-05-25,247679840.4150036
2026-05-26,250117336.54589814
2026-05-27,251392166.66078395
2026-05-28,251392166.66078395
2026-05-29,249765152.73967442
2026-06-01,243127383.22046494
2026-06-02,240810209.67121542
2026-06-03,243843941.12593782
2026-06-04,244911734.02649164
2026-06-05,242545849.46054268
2026-06-08,235035019.38316724
2026-06-09,237883306.11731744
2026-06-10,233010944.1974785
2026-06-11,227032089.8001086
2026-06-12,232646063.7916242
2026-06-15,230846093.4774202
2026-06-16,232181288.3994378
2026-06-17,235119847.4955985
2026-06-18,241402162.29368675
2026-06-19,244624461.87823504
2026-06-22,243511573.11809582
2026-06-23,239119045.9475545
2026-06-24,229141357.0738256
2026-06-25,229473862.32656127
2026-06-26,229473862.32656127
2026-06-29,232607264.74215168
2026-06-30,231892330.72487575
