rebalance_date,window_start,strategy,ticker,weight
2015-01-02,2015-01-01,price_low_all_n4,ADANIPOWER,0.25
2015-01-02,2015-01-01,price_low_all_n4,PCJEWELLER,0.25
2015-01-02,2015-01-01,price_low_all_n4,IRB,0.25
2015-01-02,2015-01-01,price_low_all_n4,FCONSUMER,0.25
2015-01-16,2015-01-01,price_low_all_n4,ADANIPOWER,0.25
2015-01-16,2015-01-01,price_low_all_n4,IRB,0.25
2015-01-16,2015-01-01,price_low_all_n4,PCJEWELLER,0.25
2015-01-16,2015-01-01,price_low_all_n4,FCONSUMER,0.25
2015-01-30,2015-01-01,price_low_all_n4,ADANIPOWER,0.25
2015-01-30,2015-01-01,price_low_all_n4,IRB,0.25
2015-01-30,2015-01-01,price_low_all_n4,PCJEWELLER,0.25
2015-01-30,2015-01-01,price_low_all_n4,FCONSUMER,0.25
2015-02-13,2015-01-01,price_low_all_n4,ADANIPOWER,0.25
2015-02-13,2015-01-01,price_low_all_n4,IRB,0.25
2015-02-13,2015-01-01,price_low_all_n4,PCJEWELLER,0.25
2015-02-13,2015-01-01,price_low_all_n4,FCONSUMER,0.25
2015-02-27,2015-01-01,price_low_all_n4,IRB,0.25
2015-02-27,2015-01-01,price_low_all_n4,ADANIPOWER,0.25
2015-02-27,2015-01-01,price_low_all_n4,PCJEWELLER,0.25
2015-02-27,2015-01-01,price_low_all_n4,FCONSUMER,0.25
2015-03-13,2015-01-01,price_low_all_n4,ADANIPOWER,0.25
2015-03-13,2015-01-01,price_low_all_n4,IRB,0.25
2015-03-13,2015-01-01,price_low_all_n4,FCONSUMER,0.25
2015-03-13,2015-01-01,price_low_all_n4,GMRAIRPORT,0.25
2015-03-27,2015-01-01,price_low_all_n4,ADANIPOWER,0.25
2015-03-27,2015-01-01,price_low_all_n4,IRB,0.25
2015-03-27,2015-01-01,price_low_all_n4,FCONSUMER,0.25
2015-03-27,2015-01-01,price_low_all_n4,GMRAIRPORT,0.25
2015-04-10,2015-01-01,price_low_all_n4,ADANIPOWER,0.25
2015-04-10,2015-01-01,price_low_all_n4,IRB,0.25
2015-04-10,2015-01-01,price_low_all_n4,FCONSUMER,0.25
2015-04-10,2015-01-01,price_low_all_n4,NMDC,0.25
2015-04-24,2015-01-01,price_low_all_n4,ADANIPOWER,0.25
2015-04-24,2015-01-01,price_low_all_n4,IRB,0.25
2015-04-24,2015-01-01,price_low_all_n4,FCONSUMER,0.25
2015-04-24,2015-01-01,price_low_all_n4,GMRAIRPORT,0.25
2015-05-08,2015-01-01,price_low_all_n4,ADANIPOWER,0.25
2015-05-08,2015-01-01,price_low_all_n4,IRB,0.25
2015-05-08,2015-01-01,price_low_all_n4,FCONSUMER,0.25
2015-05-08,2015-01-01,price_low_all_n4,GMRAIRPORT,0.25
2015-05-22,2015-01-01,price_low_all_n4,ADANIPOWER,0.25
2015-05-22,2015-01-01,price_low_all_n4,IRB,0.25
2015-05-22,2015-01-01,price_low_all_n4,FCONSUMER,0.25
2015-05-22,2015-01-01,price_low_all_n4,GMRAIRPORT,0.25
2015-06-05,2015-01-01,price_low_all_n4,ADANIPOWER,0.25
2015-06-05,2015-01-01,price_low_all_n4,IRB,0.25
2015-06-05,2015-01-01,price_low_all_n4,FCONSUMER,0.25
2015-06-05,2015-01-01,price_low_all_n4,GMRAIRPORT,0.25
2015-06-19,2015-01-01,price_low_all_n4,ADANIPOWER,0.25
2015-06-19,2015-01-01,price_low_all_n4,IRB,0.25
2015-06-19,2015-01-01,price_low_all_n4,GMRAIRPORT,0.25
2015-06-19,2015-01-01,price_low_all_n4,NMDC,0.25
2015-07-03,2015-07-01,low_turnover&vol_compress_highvol_n4|mom6_positive,COFORGE,0.25
2015-07-03,2015-07-01,low_turnover&vol_compress_highvol_n4|mom6_positive,PRESTIGE,0.25
2015-07-03,2015-07-01,low_turnover&vol_compress_highvol_n4|mom6_positive,ABFRL,0.25
2015-07-03,2015-07-01,low_turnover&vol_compress_highvol_n4|mom6_positive,MFSL,0.25
2015-07-17,2015-07-01,low_turnover&vol_compress_highvol_n4|mom6_positive,ABFRL,0.25
2015-07-17,2015-07-01,low_turnover&vol_compress_highvol_n4|mom6_positive,PRESTIGE,0.25
2015-07-17,2015-07-01,low_turnover&vol_compress_highvol_n4|mom6_positive,OBEROIRLTY,0.25
2015-07-17,2015-07-01,low_turnover&vol_compress_highvol_n4|mom6_positive,EDELWEISS,0.25
2015-07-31,2015-07-01,low_turnover&vol_compress_highvol_n4|mom6_positive,NATCOPHARM,0.25
2015-07-31,2015-07-01,low_turnover&vol_compress_highvol_n4|mom6_positive,PCJEWELLER,0.25
2015-07-31,2015-07-01,low_turnover&vol_compress_highvol_n4|mom6_positive,CHOLAFIN,0.25
2015-07-31,2015-07-01,low_turnover&vol_compress_highvol_n4|mom6_positive,UBL,0.25
2015-08-14,2015-07-01,low_turnover&vol_compress_highvol_n4|mom6_positive,CHOLAFIN,0.25
2015-08-14,2015-07-01,low_turnover&vol_compress_highvol_n4|mom6_positive,FCONSUMER,0.25
2015-08-14,2015-07-01,low_turnover&vol_compress_highvol_n4|mom6_positive,EDELWEISS,0.25
2015-08-14,2015-07-01,low_turnover&vol_compress_highvol_n4|mom6_positive,NAUKRI,0.25
2015-08-28,2015-07-01,low_turnover&vol_compress_highvol_n4|mom6_positive,ABFRL,0.25
2015-08-28,2015-07-01,low_turnover&vol_compress_highvol_n4|mom6_positive,FCONSUMER,0.25
2015-08-28,2015-07-01,low_turnover&vol_compress_highvol_n4|mom6_positive,COFORGE,0.25
2015-08-28,2015-07-01,low_turnover&vol_compress_highvol_n4|mom6_positive,NATCOPHARM,0.25
2015-09-11,2015-07-01,low_turnover&vol_compress_highvol_n4|mom6_positive,ABFRL,0.25
2015-09-11,2015-07-01,low_turnover&vol_compress_highvol_n4|mom6_positive,FCONSUMER,0.25
2015-09-11,2015-07-01,low_turnover&vol_compress_highvol_n4|mom6_positive,COFORGE,0.25
2015-09-11,2015-07-01,low_turnover&vol_compress_highvol_n4|mom6_positive,AJANTPHARM,0.25
2015-09-24,2015-07-01,low_turnover&vol_compress_highvol_n4|mom6_positive,NATCOPHARM,0.25
2015-09-24,2015-07-01,low_turnover&vol_compress_highvol_n4|mom6_positive,FCONSUMER,0.25
2015-09-24,2015-07-01,low_turnover&vol_compress_highvol_n4|mom6_positive,NBCC,0.25
2015-09-24,2015-07-01,low_turnover&vol_compress_highvol_n4|mom6_positive,ABFRL,0.25
2015-10-09,2015-07-01,low_turnover&vol_compress_highvol_n4|mom6_positive,FCONSUMER,0.25
2015-10-09,2015-07-01,low_turnover&vol_compress_highvol_n4|mom6_positive,VAKRANGEE,0.25
2015-10-09,2015-07-01,low_turnover&vol_compress_highvol_n4|mom6_positive,COFORGE,0.25
2015-10-09,2015-07-01,low_turnover&vol_compress_highvol_n4|mom6_positive,NBCC,0.25
2015-10-23,2015-07-01,low_turnover&vol_compress_highvol_n4|mom6_positive,ABFRL,0.25
2015-10-23,2015-07-01,low_turnover&vol_compress_highvol_n4|mom6_positive,VAKRANGEE,0.25
2015-10-23,2015-07-01,low_turnover&vol_compress_highvol_n4|mom6_positive,ENGINERSIN,0.25
2015-10-23,2015-07-01,low_turnover&vol_compress_highvol_n4|mom6_positive,TORNTPOWER,0.25
2015-11-06,2015-07-01,low_turnover&vol_compress_highvol_n4|mom6_positive,ABFRL,0.25
2015-11-06,2015-07-01,low_turnover&vol_compress_highvol_n4|mom6_positive,VAKRANGEE,0.25
2015-11-06,2015-07-01,low_turnover&vol_compress_highvol_n4|mom6_positive,NATCOPHARM,0.25
2015-11-06,2015-07-01,low_turnover&vol_compress_highvol_n4|mom6_positive,TATACOMM,0.25
2015-11-20,2015-07-01,low_turnover&vol_compress_highvol_n4|mom6_positive,ABFRL,0.25
2015-11-20,2015-07-01,low_turnover&vol_compress_highvol_n4|mom6_positive,NATCOPHARM,0.25
2015-11-20,2015-07-01,low_turnover&vol_compress_highvol_n4|mom6_positive,TORNTPOWER,0.25
2015-11-20,2015-07-01,low_turnover&vol_compress_highvol_n4|mom6_positive,TATACHEM,0.25
2015-12-04,2015-07-01,low_turnover&vol_compress_highvol_n4|mom6_positive,ABFRL,0.25
2015-12-04,2015-07-01,low_turnover&vol_compress_highvol_n4|mom6_positive,TORNTPOWER,0.25
2015-12-04,2015-07-01,low_turnover&vol_compress_highvol_n4|mom6_positive,SRF,0.25
2015-12-04,2015-07-01,low_turnover&vol_compress_highvol_n4|mom6_positive,MPHASIS,0.25
2015-12-18,2015-07-01,low_turnover&vol_compress_highvol_n4|mom6_positive,ABFRL,0.25
2015-12-18,2015-07-01,low_turnover&vol_compress_highvol_n4|mom6_positive,PCJEWELLER,0.25
2015-12-18,2015-07-01,low_turnover&vol_compress_highvol_n4|mom6_positive,COFORGE,0.25
2015-12-18,2015-07-01,low_turnover&vol_compress_highvol_n4|mom6_positive,TORNTPOWER,0.25
2016-01-01,2016-01-01,low_turnover&ma_cross_50_200_all_n4,RAJESHEXPO,0.25
2016-01-01,2016-01-01,low_turnover&ma_cross_50_200_all_n4,FCONSUMER,0.25
2016-01-01,2016-01-01,low_turnover&ma_cross_50_200_all_n4,ABFRL,0.25
2016-01-01,2016-01-01,low_turnover&ma_cross_50_200_all_n4,COFORGE,0.25
2016-01-15,2016-01-01,low_turnover&ma_cross_50_200_all_n4,FCONSUMER,0.25
2016-01-15,2016-01-01,low_turnover&ma_cross_50_200_all_n4,RAJESHEXPO,0.25
2016-01-15,2016-01-01,low_turnover&ma_cross_50_200_all_n4,ABFRL,0.25
2016-01-15,2016-01-01,low_turnover&ma_cross_50_200_all_n4,BAJAJHLDNG,0.25
2016-01-29,2016-01-01,low_turnover&ma_cross_50_200_all_n4,FCONSUMER,0.25
2016-01-29,2016-01-01,low_turnover&ma_cross_50_200_all_n4,RAJESHEXPO,0.25
2016-01-29,2016-01-01,low_turnover&ma_cross_50_200_all_n4,ABFRL,0.25
2016-01-29,2016-01-01,low_turnover&ma_cross_50_200_all_n4,BAJAJHLDNG,0.25
2016-02-12,2016-01-01,low_turnover&ma_cross_50_200_all_n4,FCONSUMER,0.25
2016-02-12,2016-01-01,low_turnover&ma_cross_50_200_all_n4,RAJESHEXPO,0.25
2016-02-12,2016-01-01,low_turnover&ma_cross_50_200_all_n4,ASTRAL,0.25
2016-02-12,2016-01-01,low_turnover&ma_cross_50_200_all_n4,BAJAJHLDNG,0.25
2016-02-26,2016-01-01,low_turnover&ma_cross_50_200_all_n4,FCONSUMER,0.25
2016-02-26,2016-01-01,low_turnover&ma_cross_50_200_all_n4,RAJESHEXPO,0.25
2016-02-26,2016-01-01,low_turnover&ma_cross_50_200_all_n4,VAKRANGEE,0.25
2016-02-26,2016-01-01,low_turnover&ma_cross_50_200_all_n4,ASTRAL,0.25
2016-03-11,2016-01-01,low_turnover&ma_cross_50_200_all_n4,FCONSUMER,0.25
2016-03-11,2016-01-01,low_turnover&ma_cross_50_200_all_n4,VAKRANGEE,0.25
2016-03-11,2016-01-01,low_turnover&ma_cross_50_200_all_n4,RAJESHEXPO,0.25
2016-03-11,2016-01-01,low_turnover&ma_cross_50_200_all_n4,TORNTPOWER,0.25
2016-03-23,2016-01-01,low_turnover&ma_cross_50_200_all_n4,VAKRANGEE,0.25
2016-03-23,2016-01-01,low_turnover&ma_cross_50_200_all_n4,MANAPPURAM,0.25
2016-03-23,2016-01-01,low_turnover&ma_cross_50_200_all_n4,TORNTPOWER,0.25
2016-03-23,2016-01-01,low_turnover&ma_cross_50_200_all_n4,MUTHOOTFIN,0.25
2016-04-08,2016-01-01,low_turnover&ma_cross_50_200_all_n4,MANAPPURAM,0.25
2016-04-08,2016-01-01,low_turnover&ma_cross_50_200_all_n4,VAKRANGEE,0.25
2016-04-08,2016-01-01,low_turnover&ma_cross_50_200_all_n4,NHPC,0.25
2016-04-08,2016-01-01,low_turnover&ma_cross_50_200_all_n4,TORNTPOWER,0.25
2016-04-22,2016-01-01,low_turnover&ma_cross_50_200_all_n4,MANAPPURAM,0.25
2016-04-22,2016-01-01,low_turnover&ma_cross_50_200_all_n4,NHPC,0.25
2016-04-22,2016-01-01,low_turnover&ma_cross_50_200_all_n4,TORNTPOWER,0.25
2016-04-22,2016-01-01,low_turnover&ma_cross_50_200_all_n4,MUTHOOTFIN,0.25
2016-05-06,2016-01-01,low_turnover&ma_cross_50_200_all_n4,MANAPPURAM,0.25
2016-05-06,2016-01-01,low_turnover&ma_cross_50_200_all_n4,TORNTPOWER,0.25
2016-05-06,2016-01-01,low_turnover&ma_cross_50_200_all_n4,NATIONALUM,0.25
2016-05-06,2016-01-01,low_turnover&ma_cross_50_200_all_n4,GLAXO,0.25
2016-05-20,2016-01-01,low_turnover&ma_cross_50_200_all_n4,MANAPPURAM,0.25
2016-05-20,2016-01-01,low_turnover&ma_cross_50_200_all_n4,NATIONALUM,0.25
2016-05-20,2016-01-01,low_turnover&ma_cross_50_200_all_n4,CHOLAFIN,0.25
2016-05-20,2016-01-01,low_turnover&ma_cross_50_200_all_n4,GLAXO,0.25
2016-06-03,2016-01-01,low_turnover&ma_cross_50_200_all_n4,MANAPPURAM,0.25
2016-06-03,2016-01-01,low_turnover&ma_cross_50_200_all_n4,NATIONALUM,0.25
2016-06-03,2016-01-01,low_turnover&ma_cross_50_200_all_n4,CHOLAFIN,0.25
2016-06-03,2016-01-01,low_turnover&ma_cross_50_200_all_n4,COROMANDEL,0.25
2016-06-17,2016-01-01,low_turnover&ma_cross_50_200_all_n4,MANAPPURAM,0.25
2016-06-17,2016-01-01,low_turnover&ma_cross_50_200_all_n4,COROMANDEL,0.25
2016-06-17,2016-01-01,low_turnover&ma_cross_50_200_all_n4,NATIONALUM,0.25
2016-06-17,2016-01-01,low_turnover&ma_cross_50_200_all_n4,CHOLAFIN,0.25
2016-07-01,2016-07-01,obv_slope&vol_compress_all_n4|rsi_below_85,MFSL,0.25
2016-07-01,2016-07-01,obv_slope&vol_compress_all_n4|rsi_below_85,PNB,0.25
2016-07-01,2016-07-01,obv_slope&vol_compress_all_n4|rsi_below_85,M&M,0.25
2016-07-01,2016-07-01,obv_slope&vol_compress_all_n4|rsi_below_85,BAJAJHLDNG,0.25
2016-07-15,2016-07-01,obv_slope&vol_compress_all_n4|rsi_below_85,HINDCOPPER,0.25
2016-07-15,2016-07-01,obv_slope&vol_compress_all_n4|rsi_below_85,MFSL,0.25
2016-07-15,2016-07-01,obv_slope&vol_compress_all_n4|rsi_below_85,NMDC,0.25
2016-07-15,2016-07-01,obv_slope&vol_compress_all_n4|rsi_below_85,M&M,0.25
2016-07-29,2016-07-01,obv_slope&vol_compress_all_n4|rsi_below_85,HINDCOPPER,0.25
2016-07-29,2016-07-01,obv_slope&vol_compress_all_n4|rsi_below_85,ULTRACEMCO,0.25
2016-07-29,2016-07-01,obv_slope&vol_compress_all_n4|rsi_below_85,SRF,0.25
2016-07-29,2016-07-01,obv_slope&vol_compress_all_n4|rsi_below_85,PIIND,0.25
2016-08-12,2016-07-01,obv_slope&vol_compress_all_n4|rsi_below_85,TORNTPOWER,0.25
2016-08-12,2016-07-01,obv_slope&vol_compress_all_n4|rsi_below_85,SRF,0.25
2016-08-12,2016-07-01,obv_slope&vol_compress_all_n4|rsi_below_85,RAJESHEXPO,0.25
2016-08-12,2016-07-01,obv_slope&vol_compress_all_n4|rsi_below_85,NATCOPHARM,0.25
2016-08-26,2016-07-01,obv_slope&vol_compress_all_n4|rsi_below_85,EXIDEIND,0.25
2016-08-26,2016-07-01,obv_slope&vol_compress_all_n4|rsi_below_85,NHPC,0.25
2016-08-26,2016-07-01,obv_slope&vol_compress_all_n4|rsi_below_85,SRF,0.25
2016-08-26,2016-07-01,obv_slope&vol_compress_all_n4|rsi_below_85,BIOCON,0.25
2016-09-09,2016-07-01,obv_slope&vol_compress_all_n4|rsi_below_85,LTF,0.25
2016-09-09,2016-07-01,obv_slope&vol_compress_all_n4|rsi_below_85,DRREDDY,0.25
2016-09-09,2016-07-01,obv_slope&vol_compress_all_n4|rsi_below_85,GODREJIND,0.25
2016-09-09,2016-07-01,obv_slope&vol_compress_all_n4|rsi_below_85,BAJFINANCE,0.25
2016-09-23,2016-07-01,obv_slope&vol_compress_all_n4|rsi_below_85,NAUKRI,0.25
2016-09-23,2016-07-01,obv_slope&vol_compress_all_n4|rsi_below_85,UBL,0.25
2016-09-23,2016-07-01,obv_slope&vol_compress_all_n4|rsi_below_85,RAJESHEXPO,0.25
2016-09-23,2016-07-01,obv_slope&vol_compress_all_n4|rsi_below_85,DRREDDY,0.25
2016-10-07,2016-07-01,obv_slope&vol_compress_all_n4|rsi_below_85,OBEROIRLTY,0.25
2016-10-07,2016-07-01,obv_slope&vol_compress_all_n4|rsi_below_85,VAKRANGEE,0.25
2016-10-07,2016-07-01,obv_slope&vol_compress_all_n4|rsi_below_85,HCLTECH,0.25
2016-10-07,2016-07-01,obv_slope&vol_compress_all_n4|rsi_below_85,RAJESHEXPO,0.25
2016-10-21,2016-07-01,obv_slope&vol_compress_all_n4|rsi_below_85,VAKRANGEE,0.25
2016-10-21,2016-07-01,obv_slope&vol_compress_all_n4|rsi_below_85,MFSL,0.25
2016-10-21,2016-07-01,obv_slope&vol_compress_all_n4|rsi_below_85,CUB,0.25
2016-10-21,2016-07-01,obv_slope&vol_compress_all_n4|rsi_below_85,AIAENG,0.25
2016-11-04,2016-07-01,obv_slope&vol_compress_all_n4|rsi_below_85,CUB,0.25
2016-11-04,2016-07-01,obv_slope&vol_compress_all_n4|rsi_below_85,MFSL,0.25
2016-11-04,2016-07-01,obv_slope&vol_compress_all_n4|rsi_below_85,OBEROIRLTY,0.25
2016-11-04,2016-07-01,obv_slope&vol_compress_all_n4|rsi_below_85,ADANIPOWER,0.25
2016-11-18,2016-07-01,obv_slope&vol_compress_all_n4|rsi_below_85,SPARC,0.25
2016-11-18,2016-07-01,obv_slope&vol_compress_all_n4|rsi_below_85,TORNTPOWER,0.25
2016-11-18,2016-07-01,obv_slope&vol_compress_all_n4|rsi_below_85,VAKRANGEE,0.25
2016-11-18,2016-07-01,obv_slope&vol_compress_all_n4|rsi_below_85,MRPL,0.25
2016-12-02,2016-07-01,obv_slope&vol_compress_all_n4|rsi_below_85,ONGC,0.25
2016-12-02,2016-07-01,obv_slope&vol_compress_all_n4|rsi_below_85,COFORGE,0.25
2016-12-02,2016-07-01,obv_slope&vol_compress_all_n4|rsi_below_85,MPHASIS,0.25
2016-12-02,2016-07-01,obv_slope&vol_compress_all_n4|rsi_below_85,BAJAJFINSV,0.25
2016-12-16,2016-07-01,obv_slope&vol_compress_all_n4|rsi_below_85,PCJEWELLER,0.25
2016-12-16,2016-07-01,obv_slope&vol_compress_all_n4|rsi_below_85,ADANIENT,0.25
2016-12-16,2016-07-01,obv_slope&vol_compress_all_n4|rsi_below_85,BAJAJFINSV,0.25
2016-12-16,2016-07-01,obv_slope&vol_compress_all_n4|rsi_below_85,ULTRACEMCO,0.25
2016-12-30,2016-07-01,obv_slope&vol_compress_all_n4|rsi_below_85,TMPV,0.25
2016-12-30,2016-07-01,obv_slope&vol_compress_all_n4|rsi_below_85,OIL,0.25
2016-12-30,2016-07-01,obv_slope&vol_compress_all_n4|rsi_below_85,IRB,0.25
2016-12-30,2016-07-01,obv_slope&vol_compress_all_n4|rsi_below_85,INDIGO,0.25
2017-01-13,2017-01-01,amihud&px_sma200_highvol_n4,NATIONALUM,0.25
2017-01-13,2017-01-01,amihud&px_sma200_highvol_n4,ADANIENSOL,0.25
2017-01-13,2017-01-01,amihud&px_sma200_highvol_n4,INDIANB,0.25
2017-01-13,2017-01-01,amihud&px_sma200_highvol_n4,COROMANDEL,0.25
2017-01-27,2017-01-01,amihud&px_sma200_highvol_n4,NATIONALUM,0.25
2017-01-27,2017-01-01,amihud&px_sma200_highvol_n4,ADANIENSOL,0.25
2017-01-27,2017-01-01,amihud&px_sma200_highvol_n4,INDIANB,0.25
2017-01-27,2017-01-01,amihud&px_sma200_highvol_n4,BALKRISIND,0.25
2017-02-10,2017-01-01,amihud&px_sma200_highvol_n4,ADANIENSOL,0.25
2017-02-10,2017-01-01,amihud&px_sma200_highvol_n4,INDIANB,0.25
2017-02-10,2017-01-01,amihud&px_sma200_highvol_n4,FCONSUMER,0.25
2017-02-10,2017-01-01,amihud&px_sma200_highvol_n4,COROMANDEL,0.25
2017-02-23,2017-01-01,amihud&px_sma200_highvol_n4,INDIANB,0.25
2017-02-23,2017-01-01,amihud&px_sma200_highvol_n4,ADANIENSOL,0.25
2017-02-23,2017-01-01,amihud&px_sma200_highvol_n4,FCONSUMER,0.25
2017-02-23,2017-01-01,amihud&px_sma200_highvol_n4,EDELWEISS,0.25
2017-03-10,2017-01-01,amihud&px_sma200_highvol_n4,FCONSUMER,0.25
2017-03-10,2017-01-01,amihud&px_sma200_highvol_n4,BALKRISIND,0.25
2017-03-10,2017-01-01,amihud&px_sma200_highvol_n4,ASTRAL,0.25
2017-03-10,2017-01-01,amihud&px_sma200_highvol_n4,NATIONALUM,0.25
2017-03-24,2017-01-01,amihud&px_sma200_highvol_n4,ASTRAL,0.25
2017-03-24,2017-01-01,amihud&px_sma200_highvol_n4,NATIONALUM,0.25
2017-03-24,2017-01-01,amihud&px_sma200_highvol_n4,BALKRISIND,0.25
2017-03-24,2017-01-01,amihud&px_sma200_highvol_n4,ADANIENSOL,0.25
2017-04-07,2017-01-01,amihud&px_sma200_highvol_n4,ADANIENSOL,0.25
2017-04-07,2017-01-01,amihud&px_sma200_highvol_n4,EDELWEISS,0.25
2017-04-07,2017-01-01,amihud&px_sma200_highvol_n4,FCONSUMER,0.25
2017-04-07,2017-01-01,amihud&px_sma200_highvol_n4,ASTRAL,0.25
2017-04-21,2017-01-01,amihud&px_sma200_highvol_n4,ADANIENSOL,0.25
2017-04-21,2017-01-01,amihud&px_sma200_highvol_n4,PRESTIGE,0.25
2017-04-21,2017-01-01,amihud&px_sma200_highvol_n4,EDELWEISS,0.25
2017-04-21,2017-01-01,amihud&px_sma200_highvol_n4,FCONSUMER,0.25
2017-05-05,2017-01-01,amihud&px_sma200_highvol_n4,PRESTIGE,0.25
2017-05-05,2017-01-01,amihud&px_sma200_highvol_n4,ADANIENSOL,0.25
2017-05-05,2017-01-01,amihud&px_sma200_highvol_n4,COROMANDEL,0.25
2017-05-05,2017-01-01,amihud&px_sma200_highvol_n4,EDELWEISS,0.25
2017-05-19,2017-01-01,amihud&px_sma200_highvol_n4,ADANIENSOL,0.25
2017-05-19,2017-01-01,amihud&px_sma200_highvol_n4,ASTRAL,0.25
2017-05-19,2017-01-01,amihud&px_sma200_highvol_n4,COROMANDEL,0.25
2017-05-19,2017-01-01,amihud&px_sma200_highvol_n4,PRESTIGE,0.25
2017-06-02,2017-01-01,amihud&px_sma200_highvol_n4,ADANIENSOL,0.25
2017-06-02,2017-01-01,amihud&px_sma200_highvol_n4,ASTRAL,0.25
2017-06-02,2017-01-01,amihud&px_sma200_highvol_n4,PRESTIGE,0.25
2017-06-02,2017-01-01,amihud&px_sma200_highvol_n4,COROMANDEL,0.25
2017-06-16,2017-01-01,amihud&px_sma200_highvol_n4,ADANIENSOL,0.25
2017-06-16,2017-01-01,amihud&px_sma200_highvol_n4,ASTRAL,0.25
2017-06-16,2017-01-01,amihud&px_sma200_highvol_n4,EDELWEISS,0.25
2017-06-16,2017-01-01,amihud&px_sma200_highvol_n4,PRESTIGE,0.25
2017-06-30,2017-01-01,amihud&px_sma200_highvol_n4,ADANIENSOL,0.25
2017-06-30,2017-01-01,amihud&px_sma200_highvol_n4,ASTRAL,0.25
2017-06-30,2017-01-01,amihud&px_sma200_highvol_n4,KARURVYSYA,0.25
2017-06-30,2017-01-01,amihud&px_sma200_highvol_n4,PRESTIGE,0.25
2017-07-14,2017-07-01,amihud_highvol_n4|above_50dma+mom6_positive,ASTRAL,0.25
2017-07-14,2017-07-01,amihud_highvol_n4|above_50dma+mom6_positive,NAUKRI,0.25
2017-07-14,2017-07-01,amihud_highvol_n4|above_50dma+mom6_positive,PRESTIGE,0.25
2017-07-14,2017-07-01,amihud_highvol_n4|above_50dma+mom6_positive,FCONSUMER,0.25
2017-07-28,2017-07-01,amihud_highvol_n4|above_50dma+mom6_positive,HINDCOPPER,0.25
2017-07-28,2017-07-01,amihud_highvol_n4|above_50dma+mom6_positive,NAUKRI,0.25
2017-07-28,2017-07-01,amihud_highvol_n4|above_50dma+mom6_positive,PRESTIGE,0.25
2017-07-28,2017-07-01,amihud_highvol_n4|above_50dma+mom6_positive,AIAENG,0.25
2017-08-11,2017-07-01,amihud_highvol_n4|above_50dma+mom6_positive,FCONSUMER,0.25
2017-08-11,2017-07-01,amihud_highvol_n4|above_50dma+mom6_positive,SPARC,0.25
2017-08-11,2017-07-01,amihud_highvol_n4|above_50dma+mom6_positive,CROMPTON,0.25
2017-08-11,2017-07-01,amihud_highvol_n4|above_50dma+mom6_positive,MRPL,0.25
2017-08-24,2017-07-01,amihud_highvol_n4|above_50dma+mom6_positive,COROMANDEL,0.25
2017-08-24,2017-07-01,amihud_highvol_n4|above_50dma+mom6_positive,FCONSUMER,0.25
2017-08-24,2017-07-01,amihud_highvol_n4|above_50dma+mom6_positive,NATIONALUM,0.25
2017-08-24,2017-07-01,amihud_highvol_n4|above_50dma+mom6_positive,SPARC,0.25
2017-09-08,2017-07-01,amihud_highvol_n4|above_50dma+mom6_positive,OBEROIRLTY,0.25
2017-09-08,2017-07-01,amihud_highvol_n4|above_50dma+mom6_positive,ADANIENSOL,0.25
2017-09-08,2017-07-01,amihud_highvol_n4|above_50dma+mom6_positive,ABFRL,0.25
2017-09-08,2017-07-01,amihud_highvol_n4|above_50dma+mom6_positive,SPARC,0.25
2017-09-22,2017-07-01,amihud_highvol_n4|above_50dma+mom6_positive,PRESTIGE,0.25
2017-09-22,2017-07-01,amihud_highvol_n4|above_50dma+mom6_positive,OBEROIRLTY,0.25
2017-09-22,2017-07-01,amihud_highvol_n4|above_50dma+mom6_positive,NAUKRI,0.25
2017-09-22,2017-07-01,amihud_highvol_n4|above_50dma+mom6_positive,COROMANDEL,0.25
2017-10-06,2017-07-01,amihud_highvol_n4|above_50dma+mom6_positive,NAUKRI,0.25
2017-10-06,2017-07-01,amihud_highvol_n4|above_50dma+mom6_positive,PRESTIGE,0.25
2017-10-06,2017-07-01,amihud_highvol_n4|above_50dma+mom6_positive,OBEROIRLTY,0.25
2017-10-06,2017-07-01,amihud_highvol_n4|above_50dma+mom6_positive,COROMANDEL,0.25
2017-10-19,2017-07-01,amihud_highvol_n4|above_50dma+mom6_positive,NAUKRI,0.25
2017-10-19,2017-07-01,amihud_highvol_n4|above_50dma+mom6_positive,PRESTIGE,0.25
2017-10-19,2017-07-01,amihud_highvol_n4|above_50dma+mom6_positive,COROMANDEL,0.25
2017-10-19,2017-07-01,amihud_highvol_n4|above_50dma+mom6_positive,OBEROIRLTY,0.25
2017-11-03,2017-07-01,amihud_highvol_n4|above_50dma+mom6_positive,ENDURANCE,0.25
2017-11-03,2017-07-01,amihud_highvol_n4|above_50dma+mom6_positive,NAUKRI,0.25
2017-11-03,2017-07-01,amihud_highvol_n4|above_50dma+mom6_positive,PRESTIGE,0.25
2017-11-03,2017-07-01,amihud_highvol_n4|above_50dma+mom6_positive,COROMANDEL,0.25
2017-11-17,2017-07-01,amihud_highvol_n4|above_50dma+mom6_positive,NAUKRI,0.25
2017-11-17,2017-07-01,amihud_highvol_n4|above_50dma+mom6_positive,ENDURANCE,0.25
2017-11-17,2017-07-01,amihud_highvol_n4|above_50dma+mom6_positive,PRESTIGE,0.25
2017-11-17,2017-07-01,amihud_highvol_n4|above_50dma+mom6_positive,OBEROIRLTY,0.25
2017-12-01,2017-07-01,amihud_highvol_n4|above_50dma+mom6_positive,LTTS,0.25
2017-12-01,2017-07-01,amihud_highvol_n4|above_50dma+mom6_positive,NAUKRI,0.25
2017-12-01,2017-07-01,amihud_highvol_n4|above_50dma+mom6_positive,PRESTIGE,0.25
2017-12-01,2017-07-01,amihud_highvol_n4|above_50dma+mom6_positive,ENDURANCE,0.25
2017-12-15,2017-07-01,amihud_highvol_n4|above_50dma+mom6_positive,LTTS,0.25
2017-12-15,2017-07-01,amihud_highvol_n4|above_50dma+mom6_positive,NAUKRI,0.25
2017-12-15,2017-07-01,amihud_highvol_n4|above_50dma+mom6_positive,ENDURANCE,0.25
2017-12-15,2017-07-01,amihud_highvol_n4|above_50dma+mom6_positive,COROMANDEL,0.25
2017-12-29,2017-07-01,amihud_highvol_n4|above_50dma+mom6_positive,LTTS,0.25
2017-12-29,2017-07-01,amihud_highvol_n4|above_50dma+mom6_positive,NAUKRI,0.25
2017-12-29,2017-07-01,amihud_highvol_n4|above_50dma+mom6_positive,PRESTIGE,0.25
2017-12-29,2017-07-01,amihud_highvol_n4|above_50dma+mom6_positive,ENDURANCE,0.25
2018-01-12,2018-01-01,low_turnover&price_low_highvol_n4|above_50dma+mom6_positive,ADANIPOWER,0.25
2018-01-12,2018-01-01,low_turnover&price_low_highvol_n4|above_50dma+mom6_positive,IRB,0.25
2018-01-12,2018-01-01,low_turnover&price_low_highvol_n4|above_50dma+mom6_positive,NMDC,0.25
2018-01-12,2018-01-01,low_turnover&price_low_highvol_n4|above_50dma+mom6_positive,INDHOTEL,0.25
2018-01-25,2018-01-01,low_turnover&price_low_highvol_n4|above_50dma+mom6_positive,IRB,0.25
2018-01-25,2018-01-01,low_turnover&price_low_highvol_n4|above_50dma+mom6_positive,NMDC,0.25
2018-01-25,2018-01-01,low_turnover&price_low_highvol_n4|above_50dma+mom6_positive,IDBI,0.25
2018-01-25,2018-01-01,low_turnover&price_low_highvol_n4|above_50dma+mom6_positive,NAUKRI,0.25
2018-02-09,2018-01-01,low_turnover&price_low_highvol_n4|above_50dma+mom6_positive,IDBI,0.25
2018-02-09,2018-01-01,low_turnover&price_low_highvol_n4|above_50dma+mom6_positive,INDHOTEL,0.25
2018-02-09,2018-01-01,low_turnover&price_low_highvol_n4|above_50dma+mom6_positive,HINDZINC,0.25
2018-02-09,2018-01-01,low_turnover&price_low_highvol_n4|above_50dma+mom6_positive,ASHOKLEY,0.25
2018-02-23,2018-01-01,low_turnover&price_low_highvol_n4|above_50dma+mom6_positive,IDBI,0.25
2018-02-23,2018-01-01,low_turnover&price_low_highvol_n4|above_50dma+mom6_positive,COROMANDEL,0.25
2018-02-23,2018-01-01,low_turnover&price_low_highvol_n4|above_50dma+mom6_positive,HINDZINC,0.25
2018-02-23,2018-01-01,low_turnover&price_low_highvol_n4|above_50dma+mom6_positive,ENDURANCE,0.25
2018-03-09,2018-01-01,low_turnover&price_low_highvol_n4|above_50dma+mom6_positive,ASTRAL,0.25
2018-03-09,2018-01-01,low_turnover&price_low_highvol_n4|above_50dma+mom6_positive,HINDZINC,0.25
2018-03-09,2018-01-01,low_turnover&price_low_highvol_n4|above_50dma+mom6_positive,IDBI,0.25
2018-03-09,2018-01-01,low_turnover&price_low_highvol_n4|above_50dma+mom6_positive,ASHOKLEY,0.25
2018-03-23,2018-01-01,low_turnover&price_low_highvol_n4|above_50dma+mom6_positive,ASTRAL,0.25
2018-03-23,2018-01-01,low_turnover&price_low_highvol_n4|above_50dma+mom6_positive,ASHOKLEY,0.25
2018-03-23,2018-01-01,low_turnover&price_low_highvol_n4|above_50dma+mom6_positive,IDBI,0.25
2018-03-23,2018-01-01,low_turnover&price_low_highvol_n4|above_50dma+mom6_positive,COFORGE,0.25
2018-04-06,2018-01-01,low_turnover&price_low_highvol_n4|above_50dma+mom6_positive,IRB,0.25
2018-04-06,2018-01-01,low_turnover&price_low_highvol_n4|above_50dma+mom6_positive,ASTRAL,0.25
2018-04-06,2018-01-01,low_turnover&price_low_highvol_n4|above_50dma+mom6_positive,SYNGENE,0.25
2018-04-06,2018-01-01,low_turnover&price_low_highvol_n4|above_50dma+mom6_positive,INDHOTEL,0.25
2018-04-20,2018-01-01,low_turnover&price_low_highvol_n4|above_50dma+mom6_positive,NMDC,0.25
2018-04-20,2018-01-01,low_turnover&price_low_highvol_n4|above_50dma+mom6_positive,IRB,0.25
2018-04-20,2018-01-01,low_turnover&price_low_highvol_n4|above_50dma+mom6_positive,SYNGENE,0.25
2018-04-20,2018-01-01,low_turnover&price_low_highvol_n4|above_50dma+mom6_positive,ASTRAL,0.25
2018-05-04,2018-01-01,low_turnover&price_low_highvol_n4|above_50dma+mom6_positive,IRB,0.25
2018-05-04,2018-01-01,low_turnover&price_low_highvol_n4|above_50dma+mom6_positive,SYNGENE,0.25
2018-05-04,2018-01-01,low_turnover&price_low_highvol_n4|above_50dma+mom6_positive,GMRAIRPORT,0.25
2018-05-04,2018-01-01,low_turnover&price_low_highvol_n4|above_50dma+mom6_positive,ASTRAL,0.25
2018-05-18,2018-01-01,low_turnover&price_low_highvol_n4|above_50dma+mom6_positive,OIL,0.25
2018-05-18,2018-01-01,low_turnover&price_low_highvol_n4|above_50dma+mom6_positive,INDHOTEL,0.25
2018-05-18,2018-01-01,low_turnover&price_low_highvol_n4|above_50dma+mom6_positive,ASTRAL,0.25
2018-05-18,2018-01-01,low_turnover&price_low_highvol_n4|above_50dma+mom6_positive,EDELWEISS,0.25
2018-06-01,2018-01-01,low_turnover&price_low_highvol_n4|above_50dma+mom6_positive,ENDURANCE,0.25
2018-06-01,2018-01-01,low_turnover&price_low_highvol_n4|above_50dma+mom6_positive,EDELWEISS,0.25
2018-06-01,2018-01-01,low_turnover&price_low_highvol_n4|above_50dma+mom6_positive,CHOLAFIN,0.25
2018-06-01,2018-01-01,low_turnover&price_low_highvol_n4|above_50dma+mom6_positive,LTTS,0.25
2018-06-15,2018-01-01,low_turnover&price_low_highvol_n4|above_50dma+mom6_positive,ASTRAL,0.25
2018-06-15,2018-01-01,low_turnover&price_low_highvol_n4|above_50dma+mom6_positive,ENDURANCE,0.25
2018-06-15,2018-01-01,low_turnover&price_low_highvol_n4|above_50dma+mom6_positive,SAIL,0.25
2018-06-15,2018-01-01,low_turnover&price_low_highvol_n4|above_50dma+mom6_positive,EDELWEISS,0.25
2018-06-29,2018-01-01,low_turnover&price_low_highvol_n4|above_50dma+mom6_positive,ASTRAL,0.25
2018-06-29,2018-01-01,low_turnover&price_low_highvol_n4|above_50dma+mom6_positive,LTM,0.25
2018-06-29,2018-01-01,low_turnover&price_low_highvol_n4|above_50dma+mom6_positive,COFORGE,0.25
2018-06-29,2018-01-01,low_turnover&price_low_highvol_n4|above_50dma+mom6_positive,MPHASIS,0.25
2018-07-13,2018-07-01,amihud_highvol_n4|above_50dma+mom6_positive,ASTRAL,0.25
2018-07-13,2018-07-01,amihud_highvol_n4|above_50dma+mom6_positive,LTM,0.25
2018-07-13,2018-07-01,amihud_highvol_n4|above_50dma+mom6_positive,MPHASIS,0.25
2018-07-13,2018-07-01,amihud_highvol_n4|above_50dma+mom6_positive,PAGEIND,0.25
2018-07-27,2018-07-01,amihud_highvol_n4|above_50dma+mom6_positive,ASTRAL,0.25
2018-07-27,2018-07-01,amihud_highvol_n4|above_50dma+mom6_positive,ENDURANCE,0.25
2018-07-27,2018-07-01,amihud_highvol_n4|above_50dma+mom6_positive,NAUKRI,0.25
2018-07-27,2018-07-01,amihud_highvol_n4|above_50dma+mom6_positive,LTTS,0.25
2018-08-10,2018-07-01,amihud_highvol_n4|above_50dma+mom6_positive,ASTRAL,0.25
2018-08-10,2018-07-01,amihud_highvol_n4|above_50dma+mom6_positive,ENDURANCE,0.25
2018-08-10,2018-07-01,amihud_highvol_n4|above_50dma+mom6_positive,ABFRL,0.25
2018-08-10,2018-07-01,amihud_highvol_n4|above_50dma+mom6_positive,NAUKRI,0.25
2018-08-24,2018-07-01,amihud_highvol_n4|above_50dma+mom6_positive,ENDURANCE,0.25
2018-08-24,2018-07-01,amihud_highvol_n4|above_50dma+mom6_positive,ABFRL,0.25
2018-08-24,2018-07-01,amihud_highvol_n4|above_50dma+mom6_positive,QUESS,0.25
2018-08-24,2018-07-01,amihud_highvol_n4|above_50dma+mom6_positive,NAUKRI,0.25
2018-09-07,2018-07-01,amihud_highvol_n4|above_50dma+mom6_positive,ENDURANCE,0.25
2018-09-07,2018-07-01,amihud_highvol_n4|above_50dma+mom6_positive,ABFRL,0.25
2018-09-07,2018-07-01,amihud_highvol_n4|above_50dma+mom6_positive,ADANIENSOL,0.25
2018-09-07,2018-07-01,amihud_highvol_n4|above_50dma+mom6_positive,NAUKRI,0.25
2018-09-21,2018-07-01,amihud_highvol_n4|above_50dma+mom6_positive,ABFRL,0.25
2018-09-21,2018-07-01,amihud_highvol_n4|above_50dma+mom6_positive,NAUKRI,0.25
2018-09-21,2018-07-01,amihud_highvol_n4|above_50dma+mom6_positive,LTTS,0.25
2018-09-21,2018-07-01,amihud_highvol_n4|above_50dma+mom6_positive,NMDC,0.25
2018-10-05,2018-07-01,amihud_highvol_n4|above_50dma+mom6_positive,AUROPHARMA,0.25
2018-10-05,2018-07-01,amihud_highvol_n4|above_50dma+mom6_positive,HINDALCO,0.25
2018-10-05,2018-07-01,amihud_highvol_n4|above_50dma+mom6_positive,JSWSTEEL,0.25
2018-10-05,2018-07-01,amihud_highvol_n4|above_50dma+mom6_positive,DRREDDY,0.25
2018-10-19,2018-07-01,amihud_highvol_n4|above_50dma+mom6_positive,NAUKRI,0.25
2018-10-19,2018-07-01,amihud_highvol_n4|above_50dma+mom6_positive,ICICIGI,0.25
2018-10-19,2018-07-01,amihud_highvol_n4|above_50dma+mom6_positive,GRAPHITE,0.25
2018-10-19,2018-07-01,amihud_highvol_n4|above_50dma+mom6_positive,ADANIPOWER,0.25
2018-11-02,2018-07-01,amihud_highvol_n4|above_50dma+mom6_positive,ADANIENSOL,0.25
2018-11-02,2018-07-01,amihud_highvol_n4|above_50dma+mom6_positive,ASTRAL,0.25
2018-11-02,2018-07-01,amihud_highvol_n4|above_50dma+mom6_positive,LTTS,0.25
2018-11-02,2018-07-01,amihud_highvol_n4|above_50dma+mom6_positive,ICICIGI,0.25
2018-11-16,2018-07-01,amihud_highvol_n4|above_50dma+mom6_positive,ADANIENSOL,0.25
2018-11-16,2018-07-01,amihud_highvol_n4|above_50dma+mom6_positive,ASTRAL,0.25
2018-11-16,2018-07-01,amihud_highvol_n4|above_50dma+mom6_positive,JSWENERGY,0.25
2018-11-16,2018-07-01,amihud_highvol_n4|above_50dma+mom6_positive,ICICIGI,0.25
2018-11-30,2018-07-01,amihud_highvol_n4|above_50dma+mom6_positive,ADANIENSOL,0.25
2018-11-30,2018-07-01,amihud_highvol_n4|above_50dma+mom6_positive,ASTRAL,0.25
2018-11-30,2018-07-01,amihud_highvol_n4|above_50dma+mom6_positive,TORNTPOWER,0.25
2018-11-30,2018-07-01,amihud_highvol_n4|above_50dma+mom6_positive,ICICIGI,0.25
2018-12-14,2018-07-01,amihud_highvol_n4|above_50dma+mom6_positive,ADANIENSOL,0.25
2018-12-14,2018-07-01,amihud_highvol_n4|above_50dma+mom6_positive,ASTRAL,0.25
2018-12-14,2018-07-01,amihud_highvol_n4|above_50dma+mom6_positive,NAUKRI,0.25
2018-12-14,2018-07-01,amihud_highvol_n4|above_50dma+mom6_positive,LTTS,0.25
2018-12-28,2018-07-01,amihud_highvol_n4|above_50dma+mom6_positive,ASTRAL,0.25
2018-12-28,2018-07-01,amihud_highvol_n4|above_50dma+mom6_positive,LTTS,0.25
2018-12-28,2018-07-01,amihud_highvol_n4|above_50dma+mom6_positive,ICICIGI,0.25
2018-12-28,2018-07-01,amihud_highvol_n4|above_50dma+mom6_positive,TORNTPOWER,0.25
2019-01-11,2019-01-01,amihud&ma_cross_50_200_highvol_n4|mom6_positive+rsi_below_85,ADANIPOWER,0.25
2019-01-11,2019-01-01,amihud&ma_cross_50_200_highvol_n4|mom6_positive+rsi_below_85,ADANIENSOL,0.25
2019-01-11,2019-01-01,amihud&ma_cross_50_200_highvol_n4|mom6_positive+rsi_below_85,ASTRAL,0.25
2019-01-11,2019-01-01,amihud&ma_cross_50_200_highvol_n4|mom6_positive+rsi_below_85,ABFRL,0.25
2019-01-25,2019-01-01,amihud&ma_cross_50_200_highvol_n4|mom6_positive+rsi_below_85,ADANIPOWER,0.25
2019-01-25,2019-01-01,amihud&ma_cross_50_200_highvol_n4|mom6_positive+rsi_below_85,ADANIENSOL,0.25
2019-01-25,2019-01-01,amihud&ma_cross_50_200_highvol_n4|mom6_positive+rsi_below_85,ABFRL,0.25
2019-01-25,2019-01-01,amihud&ma_cross_50_200_highvol_n4|mom6_positive+rsi_below_85,NAUKRI,0.25
2019-02-08,2019-01-01,amihud&ma_cross_50_200_highvol_n4|mom6_positive+rsi_below_85,ADANIPOWER,0.25
2019-02-08,2019-01-01,amihud&ma_cross_50_200_highvol_n4|mom6_positive+rsi_below_85,ADANIENSOL,0.25
2019-02-08,2019-01-01,amihud&ma_cross_50_200_highvol_n4|mom6_positive+rsi_below_85,ASTRAL,0.25
2019-02-08,2019-01-01,amihud&ma_cross_50_200_highvol_n4|mom6_positive+rsi_below_85,ABFRL,0.25
2019-02-22,2019-01-01,amihud&ma_cross_50_200_highvol_n4|mom6_positive+rsi_below_85,ADANIENSOL,0.25
2019-02-22,2019-01-01,amihud&ma_cross_50_200_highvol_n4|mom6_positive+rsi_below_85,ADANIPOWER,0.25
2019-02-22,2019-01-01,amihud&ma_cross_50_200_highvol_n4|mom6_positive+rsi_below_85,ABFRL,0.25
2019-02-22,2019-01-01,amihud&ma_cross_50_200_highvol_n4|mom6_positive+rsi_below_85,NAUKRI,0.25
2019-03-08,2019-01-01,amihud&ma_cross_50_200_highvol_n4|mom6_positive+rsi_below_85,ADANIPOWER,0.25
2019-03-08,2019-01-01,amihud&ma_cross_50_200_highvol_n4|mom6_positive+rsi_below_85,ASTRAL,0.25
2019-03-08,2019-01-01,amihud&ma_cross_50_200_highvol_n4|mom6_positive+rsi_below_85,ABFRL,0.25
2019-03-08,2019-01-01,amihud&ma_cross_50_200_highvol_n4|mom6_positive+rsi_below_85,NAUKRI,0.25
2019-03-22,2019-01-01,amihud&ma_cross_50_200_highvol_n4|mom6_positive+rsi_below_85,ADANIENSOL,0.25
2019-03-22,2019-01-01,amihud&ma_cross_50_200_highvol_n4|mom6_positive+rsi_below_85,ADANIPOWER,0.25
2019-03-22,2019-01-01,amihud&ma_cross_50_200_highvol_n4|mom6_positive+rsi_below_85,ASTRAL,0.25
2019-03-22,2019-01-01,amihud&ma_cross_50_200_highvol_n4|mom6_positive+rsi_below_85,VAKRANGEE,0.25
2019-04-05,2019-01-01,amihud&ma_cross_50_200_highvol_n4|mom6_positive+rsi_below_85,ADANIENSOL,0.25
2019-04-05,2019-01-01,amihud&ma_cross_50_200_highvol_n4|mom6_positive+rsi_below_85,ASTRAL,0.25
2019-04-05,2019-01-01,amihud&ma_cross_50_200_highvol_n4|mom6_positive+rsi_below_85,ADANIPOWER,0.25
2019-04-05,2019-01-01,amihud&ma_cross_50_200_highvol_n4|mom6_positive+rsi_below_85,MANAPPURAM,0.25
2019-04-18,2019-01-01,amihud&ma_cross_50_200_highvol_n4|mom6_positive+rsi_below_85,ADANIENSOL,0.25
2019-04-18,2019-01-01,amihud&ma_cross_50_200_highvol_n4|mom6_positive+rsi_below_85,ASTRAL,0.25
2019-04-18,2019-01-01,amihud&ma_cross_50_200_highvol_n4|mom6_positive+rsi_below_85,MANAPPURAM,0.25
2019-04-18,2019-01-01,amihud&ma_cross_50_200_highvol_n4|mom6_positive+rsi_below_85,RECLTD,0.25
2019-05-03,2019-01-01,amihud&ma_cross_50_200_highvol_n4|mom6_positive+rsi_below_85,ADANIENSOL,0.25
2019-05-03,2019-01-01,amihud&ma_cross_50_200_highvol_n4|mom6_positive+rsi_below_85,ASTRAL,0.25
2019-05-03,2019-01-01,amihud&ma_cross_50_200_highvol_n4|mom6_positive+rsi_below_85,MANAPPURAM,0.25
2019-05-03,2019-01-01,amihud&ma_cross_50_200_highvol_n4|mom6_positive+rsi_below_85,RECLTD,0.25
2019-05-17,2019-01-01,amihud&ma_cross_50_200_highvol_n4|mom6_positive+rsi_below_85,ADANIENSOL,0.25
2019-05-17,2019-01-01,amihud&ma_cross_50_200_highvol_n4|mom6_positive+rsi_below_85,MANAPPURAM,0.25
2019-05-17,2019-01-01,amihud&ma_cross_50_200_highvol_n4|mom6_positive+rsi_below_85,RECLTD,0.25
2019-05-17,2019-01-01,amihud&ma_cross_50_200_highvol_n4|mom6_positive+rsi_below_85,ASTRAL,0.25
2019-05-31,2019-01-01,amihud&ma_cross_50_200_highvol_n4|mom6_positive+rsi_below_85,PRESTIGE,0.25
2019-05-31,2019-01-01,amihud&ma_cross_50_200_highvol_n4|mom6_positive+rsi_below_85,ADANIENSOL,0.25
2019-05-31,2019-01-01,amihud&ma_cross_50_200_highvol_n4|mom6_positive+rsi_below_85,MANAPPURAM,0.25
2019-05-31,2019-01-01,amihud&ma_cross_50_200_highvol_n4|mom6_positive+rsi_below_85,ASTRAL,0.25
2019-06-14,2019-01-01,amihud&ma_cross_50_200_highvol_n4|mom6_positive+rsi_below_85,PRESTIGE,0.25
2019-06-14,2019-01-01,amihud&ma_cross_50_200_highvol_n4|mom6_positive+rsi_below_85,PIIND,0.25
2019-06-14,2019-01-01,amihud&ma_cross_50_200_highvol_n4|mom6_positive+rsi_below_85,ASTRAL,0.25
2019-06-14,2019-01-01,amihud&ma_cross_50_200_highvol_n4|mom6_positive+rsi_below_85,MANAPPURAM,0.25
2019-06-28,2019-01-01,amihud&ma_cross_50_200_highvol_n4|mom6_positive+rsi_below_85,PRESTIGE,0.25
2019-06-28,2019-01-01,amihud&ma_cross_50_200_highvol_n4|mom6_positive+rsi_below_85,PIIND,0.25
2019-06-28,2019-01-01,amihud&ma_cross_50_200_highvol_n4|mom6_positive+rsi_below_85,ASTRAL,0.25
2019-06-28,2019-01-01,amihud&ma_cross_50_200_highvol_n4|mom6_positive+rsi_below_85,ADANIENSOL,0.25
2019-07-12,2019-07-01,bb_lower_all_n4,GODREJCP,0.25
2019-07-12,2019-07-01,bb_lower_all_n4,INDIGO,0.25
2019-07-12,2019-07-01,bb_lower_all_n4,HAVELLS,0.25
2019-07-12,2019-07-01,bb_lower_all_n4,NIACL,0.25
2019-07-26,2019-07-01,bb_lower_all_n4,COFORGE,0.25
2019-07-26,2019-07-01,bb_lower_all_n4,RELIANCE,0.25
2019-07-26,2019-07-01,bb_lower_all_n4,GODREJIND,0.25
2019-07-26,2019-07-01,bb_lower_all_n4,GICRE,0.25
2019-08-09,2019-07-01,bb_lower_all_n4,OFSS,0.25
2019-08-09,2019-07-01,bb_lower_all_n4,CUMMINSIND,0.25
2019-08-09,2019-07-01,bb_lower_all_n4,CIPLA,0.25
2019-08-09,2019-07-01,bb_lower_all_n4,ITC,0.25
2019-08-23,2019-07-01,bb_lower_all_n4,NAUKRI,0.25
2019-08-23,2019-07-01,bb_lower_all_n4,PNBHOUSING,0.25
2019-08-23,2019-07-01,bb_lower_all_n4,OBEROIRLTY,0.25
2019-08-23,2019-07-01,bb_lower_all_n4,EDELWEISS,0.25
2019-09-06,2019-07-01,bb_lower_all_n4,CANBK,0.25
2019-09-06,2019-07-01,bb_lower_all_n4,JSWENERGY,0.25
2019-09-06,2019-07-01,bb_lower_all_n4,MUTHOOTFIN,0.25
2019-09-06,2019-07-01,bb_lower_all_n4,ASIANPAINT,0.25
2019-09-20,2019-07-01,bb_lower_all_n4,ZEEL,0.25
2019-09-20,2019-07-01,bb_lower_all_n4,LTM,0.25
2019-09-20,2019-07-01,bb_lower_all_n4,TCS,0.25
2019-09-20,2019-07-01,bb_lower_all_n4,GLENMARK,0.25
2019-10-04,2019-07-01,bb_lower_all_n4,JSWENERGY,0.25
2019-10-04,2019-07-01,bb_lower_all_n4,DABUR,0.25
2019-10-04,2019-07-01,bb_lower_all_n4,DRREDDY,0.25
2019-10-04,2019-07-01,bb_lower_all_n4,GRASIM,0.25
2019-10-18,2019-07-01,bb_lower_all_n4,INFY,0.25
2019-10-18,2019-07-01,bb_lower_all_n4,INDIGO,0.25
2019-10-18,2019-07-01,bb_lower_all_n4,PNBHOUSING,0.25
2019-10-18,2019-07-01,bb_lower_all_n4,ARE&M,0.25
2019-11-01,2019-07-01,bb_lower_all_n4,ADANIPORTS,0.25
2019-11-01,2019-07-01,bb_lower_all_n4,UBL,0.25
2019-11-01,2019-07-01,bb_lower_all_n4,INDIGO,0.25
2019-11-01,2019-07-01,bb_lower_all_n4,MARICO,0.25
2019-11-15,2019-07-01,bb_lower_all_n4,SIEMENS,0.25
2019-11-15,2019-07-01,bb_lower_all_n4,SYNGENE,0.25
2019-11-15,2019-07-01,bb_lower_all_n4,HEROMOTOCO,0.25
2019-11-15,2019-07-01,bb_lower_all_n4,GODREJPROP,0.25
2019-11-29,2019-07-01,bb_lower_all_n4,BAJAJHLDNG,0.25
2019-11-29,2019-07-01,bb_lower_all_n4,MANAPPURAM,0.25
2019-11-29,2019-07-01,bb_lower_all_n4,ESCORTS,0.25
2019-11-29,2019-07-01,bb_lower_all_n4,CUMMINSIND,0.25
2019-12-13,2019-07-01,bb_lower_all_n4,APOLLOHOSP,0.25
2019-12-13,2019-07-01,bb_lower_all_n4,MRPL,0.25
2019-12-13,2019-07-01,bb_lower_all_n4,YESBANK,0.25
2019-12-13,2019-07-01,bb_lower_all_n4,MARICO,0.25
2019-12-27,2019-07-01,bb_lower_all_n4,OFSS,0.25
2019-12-27,2019-07-01,bb_lower_all_n4,ENGINERSIN,0.25
2019-12-27,2019-07-01,bb_lower_all_n4,IDEA,0.25
2019-12-27,2019-07-01,bb_lower_all_n4,FORTIS,0.25
2020-01-10,2020-01-01,low_atr&vol_surge_lowvol_n4,CROMPTON,0.25
2020-01-10,2020-01-01,low_atr&vol_surge_lowvol_n4,ADANIPORTS,0.25
2020-01-10,2020-01-01,low_atr&vol_surge_lowvol_n4,NHPC,0.25
2020-01-10,2020-01-01,low_atr&vol_surge_lowvol_n4,ALKEM,0.25
2020-01-24,2020-01-01,low_atr&vol_surge_lowvol_n4,ALKEM,0.25
2020-01-24,2020-01-01,low_atr&vol_surge_lowvol_n4,PGHH,0.25
2020-01-24,2020-01-01,low_atr&vol_surge_lowvol_n4,RAMCOCEM,0.25
2020-01-24,2020-01-01,low_atr&vol_surge_lowvol_n4,BAJAJHLDNG,0.25
2020-02-07,2020-01-01,low_atr&vol_surge_lowvol_n4,COROMANDEL,0.25
2020-02-07,2020-01-01,low_atr&vol_surge_lowvol_n4,SYNGENE,0.25
2020-02-07,2020-01-01,low_atr&vol_surge_lowvol_n4,LTM,0.25
2020-02-07,2020-01-01,low_atr&vol_surge_lowvol_n4,ALKEM,0.25
2020-02-20,2020-01-01,low_atr&vol_surge_lowvol_n4,ALKEM,0.25
2020-02-20,2020-01-01,low_atr&vol_surge_lowvol_n4,SRF,0.25
2020-02-20,2020-01-01,low_atr&vol_surge_lowvol_n4,CUMMINSIND,0.25
2020-02-20,2020-01-01,low_atr&vol_surge_lowvol_n4,DRREDDY,0.25
2020-03-06,2020-01-01,low_atr&vol_surge_lowvol_n4,ALKEM,0.25
2020-03-06,2020-01-01,low_atr&vol_surge_lowvol_n4,PIIND,0.25
2020-03-06,2020-01-01,low_atr&vol_surge_lowvol_n4,DIVISLAB,0.25
2020-03-06,2020-01-01,low_atr&vol_surge_lowvol_n4,COROMANDEL,0.25
2020-03-20,2020-01-01,low_atr&vol_surge_lowvol_n4,PFIZER,0.25
2020-03-20,2020-01-01,low_atr&vol_surge_lowvol_n4,ASIANPAINT,0.25
2020-03-20,2020-01-01,low_atr&vol_surge_lowvol_n4,PIDILITIND,0.25
2020-03-20,2020-01-01,low_atr&vol_surge_lowvol_n4,SHREECEM,0.25
2020-04-03,2020-01-01,low_atr&vol_surge_lowvol_n4,IPCALAB,0.25
2020-04-03,2020-01-01,low_atr&vol_surge_lowvol_n4,PGHH,0.25
2020-04-03,2020-01-01,low_atr&vol_surge_lowvol_n4,ALKEM,0.25
2020-04-03,2020-01-01,low_atr&vol_surge_lowvol_n4,POWERGRID,0.25
2020-04-17,2020-01-01,low_atr&vol_surge_lowvol_n4,IPCALAB,0.25
2020-04-17,2020-01-01,low_atr&vol_surge_lowvol_n4,ZYDUSLIFE,0.25
2020-04-17,2020-01-01,low_atr&vol_surge_lowvol_n4,CIPLA,0.25
2020-04-17,2020-01-01,low_atr&vol_surge_lowvol_n4,ENDURANCE,0.25
2020-04-30,2020-01-01,low_atr&vol_surge_lowvol_n4,ENDURANCE,0.25
2020-04-30,2020-01-01,low_atr&vol_surge_lowvol_n4,ZYDUSLIFE,0.25
2020-04-30,2020-01-01,low_atr&vol_surge_lowvol_n4,CIPLA,0.25
2020-04-30,2020-01-01,low_atr&vol_surge_lowvol_n4,DRREDDY,0.25
2020-05-15,2020-01-01,low_atr&vol_surge_lowvol_n4,ENDURANCE,0.25
2020-05-15,2020-01-01,low_atr&vol_surge_lowvol_n4,HINDUNILVR,0.25
2020-05-15,2020-01-01,low_atr&vol_surge_lowvol_n4,CIPLA,0.25
2020-05-15,2020-01-01,low_atr&vol_surge_lowvol_n4,OFSS,0.25
2020-05-29,2020-01-01,low_atr&vol_surge_lowvol_n4,HINDUNILVR,0.25
2020-05-29,2020-01-01,low_atr&vol_surge_lowvol_n4,CIPLA,0.25
2020-05-29,2020-01-01,low_atr&vol_surge_lowvol_n4,SYNGENE,0.25
2020-05-29,2020-01-01,low_atr&vol_surge_lowvol_n4,NATCOPHARM,0.25
2020-06-12,2020-01-01,low_atr&vol_surge_lowvol_n4,COROMANDEL,0.25
2020-06-12,2020-01-01,low_atr&vol_surge_lowvol_n4,ADANIENSOL,0.25
2020-06-12,2020-01-01,low_atr&vol_surge_lowvol_n4,TORNTPHARM,0.25
2020-06-12,2020-01-01,low_atr&vol_surge_lowvol_n4,HINDZINC,0.25
2020-06-26,2020-01-01,low_atr&vol_surge_lowvol_n4,ADANIENSOL,0.25
2020-06-26,2020-01-01,low_atr&vol_surge_lowvol_n4,COROMANDEL,0.25
2020-06-26,2020-01-01,low_atr&vol_surge_lowvol_n4,ICICIGI,0.25
2020-06-26,2020-01-01,low_atr&vol_surge_lowvol_n4,BRITANNIA,0.25
2020-07-10,2020-07-01,bb_lower_highvol_n4,ONGC,0.25
2020-07-10,2020-07-01,bb_lower_highvol_n4,ADANIPOWER,0.25
2020-07-10,2020-07-01,bb_lower_highvol_n4,JSWENERGY,0.25
2020-07-10,2020-07-01,bb_lower_highvol_n4,INDUSTOWER,0.25
2020-07-24,2020-07-01,bb_lower_highvol_n4,TRENT,0.25
2020-07-24,2020-07-01,bb_lower_highvol_n4,ZEEL,0.25
2020-07-24,2020-07-01,bb_lower_highvol_n4,FRETAIL,0.25
2020-07-24,2020-07-01,bb_lower_highvol_n4,INDIGO,0.25
2020-08-07,2020-07-01,bb_lower_highvol_n4,MFSL,0.25
2020-08-07,2020-07-01,bb_lower_highvol_n4,BANDHANBNK,0.25
2020-08-07,2020-07-01,bb_lower_highvol_n4,BHEL,0.25
2020-08-07,2020-07-01,bb_lower_highvol_n4,GICRE,0.25
2020-08-21,2020-07-01,bb_lower_highvol_n4,GODREJPROP,0.25
2020-08-21,2020-07-01,bb_lower_highvol_n4,WIPRO,0.25
2020-08-21,2020-07-01,bb_lower_highvol_n4,BSE,0.25
2020-08-21,2020-07-01,bb_lower_highvol_n4,MUTHOOTFIN,0.25
2020-09-04,2020-07-01,bb_lower_highvol_n4,AUBANK,0.25
2020-09-04,2020-07-01,bb_lower_highvol_n4,HINDPETRO,0.25
2020-09-04,2020-07-01,bb_lower_highvol_n4,APOLLOTYRE,0.25
2020-09-04,2020-07-01,bb_lower_highvol_n4,MUTHOOTFIN,0.25
2020-09-18,2020-07-01,bb_lower_highvol_n4,TATACOMM,0.25
2020-09-18,2020-07-01,bb_lower_highvol_n4,HUDCO,0.25
2020-09-18,2020-07-01,bb_lower_highvol_n4,EDELWEISS,0.25
2020-09-18,2020-07-01,bb_lower_highvol_n4,BHEL,0.25
2020-10-01,2020-07-01,bb_lower_highvol_n4,CONCOR,0.25
2020-10-01,2020-07-01,bb_lower_highvol_n4,BPCL,0.25
2020-10-01,2020-07-01,bb_lower_highvol_n4,PNB,0.25
2020-10-01,2020-07-01,bb_lower_highvol_n4,JSWENERGY,0.25
2020-10-16,2020-07-01,bb_lower_highvol_n4,UPL,0.25
2020-10-16,2020-07-01,bb_lower_highvol_n4,ZEEL,0.25
2020-10-16,2020-07-01,bb_lower_highvol_n4,YESBANK,0.25
2020-10-16,2020-07-01,bb_lower_highvol_n4,ESCORTS,0.25
2020-10-30,2020-07-01,bb_lower_highvol_n4,LUPIN,0.25
2020-10-30,2020-07-01,bb_lower_highvol_n4,BANKINDIA,0.25
2020-10-30,2020-07-01,bb_lower_highvol_n4,INDUSINDBK,0.25
2020-10-30,2020-07-01,bb_lower_highvol_n4,BSE,0.25
2020-11-14,2020-07-01,bb_lower_highvol_n4,FRETAIL,0.25
2020-11-14,2020-07-01,bb_lower_highvol_n4,IPCALAB,0.25
2020-11-14,2020-07-01,bb_lower_highvol_n4,LUPIN,0.25
2020-11-14,2020-07-01,bb_lower_highvol_n4,LALPATHLAB,0.25
2020-11-27,2020-07-01,bb_lower_highvol_n4,GLENMARK,0.25
2020-11-27,2020-07-01,bb_lower_highvol_n4,MUTHOOTFIN,0.25
2020-11-27,2020-07-01,bb_lower_highvol_n4,MPHASIS,0.25
2020-11-27,2020-07-01,bb_lower_highvol_n4,BHARTIARTL,0.25
2020-12-11,2020-07-01,bb_lower_highvol_n4,ADANIGREEN,0.25
2020-12-11,2020-07-01,bb_lower_highvol_n4,NAVINFLUOR,0.25
2020-12-11,2020-07-01,bb_lower_highvol_n4,TRENT,0.25
2020-12-11,2020-07-01,bb_lower_highvol_n4,CUB,0.25
2020-12-24,2020-07-01,bb_lower_highvol_n4,PNB,0.25
2020-12-24,2020-07-01,bb_lower_highvol_n4,APOLLOTYRE,0.25
2020-12-24,2020-07-01,bb_lower_highvol_n4,IPCALAB,0.25
2020-12-24,2020-07-01,bb_lower_highvol_n4,INDUSINDBK,0.25
2021-01-08,2021-01-01,bb_lower&skew_neg_all_n4,ITC,0.25
2021-01-08,2021-01-01,bb_lower&skew_neg_all_n4,RELIANCE,0.25
2021-01-08,2021-01-01,bb_lower&skew_neg_all_n4,YESBANK,0.25
2021-01-08,2021-01-01,bb_lower&skew_neg_all_n4,BRITANNIA,0.25
2021-01-22,2021-01-01,bb_lower&skew_neg_all_n4,BIOCON,0.25
2021-01-22,2021-01-01,bb_lower&skew_neg_all_n4,CONCOR,0.25
2021-01-22,2021-01-01,bb_lower&skew_neg_all_n4,BANDHANBNK,0.25
2021-01-22,2021-01-01,bb_lower&skew_neg_all_n4,SAIL,0.25
2021-02-05,2021-01-01,bb_lower&skew_neg_all_n4,UNITDSPR,0.25
2021-02-05,2021-01-01,bb_lower&skew_neg_all_n4,BRITANNIA,0.25
2021-02-05,2021-01-01,bb_lower&skew_neg_all_n4,ALKEM,0.25
2021-02-05,2021-01-01,bb_lower&skew_neg_all_n4,COROMANDEL,0.25
2021-02-19,2021-01-01,bb_lower&skew_neg_all_n4,APLLTD,0.25
2021-02-19,2021-01-01,bb_lower&skew_neg_all_n4,BRITANNIA,0.25
2021-02-19,2021-01-01,bb_lower&skew_neg_all_n4,ARE&M,0.25
2021-02-19,2021-01-01,bb_lower&skew_neg_all_n4,UNITDSPR,0.25
2021-03-05,2021-01-01,bb_lower&skew_neg_all_n4,BIOCON,0.25
2021-03-05,2021-01-01,bb_lower&skew_neg_all_n4,BHARTIARTL,0.25
2021-03-05,2021-01-01,bb_lower&skew_neg_all_n4,MANAPPURAM,0.25
2021-03-05,2021-01-01,bb_lower&skew_neg_all_n4,UNITDSPR,0.25
2021-03-19,2021-01-01,bb_lower&skew_neg_all_n4,HEROMOTOCO,0.25
2021-03-19,2021-01-01,bb_lower&skew_neg_all_n4,SANOFI,0.25
2021-03-19,2021-01-01,bb_lower&skew_neg_all_n4,APLLTD,0.25
2021-03-19,2021-01-01,bb_lower&skew_neg_all_n4,FRETAIL,0.25
2021-04-01,2021-01-01,bb_lower&skew_neg_all_n4,HEROMOTOCO,0.25
2021-04-01,2021-01-01,bb_lower&skew_neg_all_n4,RELIANCE,0.25
2021-04-01,2021-01-01,bb_lower&skew_neg_all_n4,IOC,0.25
2021-04-01,2021-01-01,bb_lower&skew_neg_all_n4,ESCORTS,0.25
2021-04-16,2021-01-01,bb_lower&skew_neg_all_n4,UNITDSPR,0.25
2021-04-16,2021-01-01,bb_lower&skew_neg_all_n4,BANDHANBNK,0.25
2021-04-16,2021-01-01,bb_lower&skew_neg_all_n4,RELIANCE,0.25
2021-04-16,2021-01-01,bb_lower&skew_neg_all_n4,TATAPOWER,0.25
2021-04-30,2021-01-01,bb_lower&skew_neg_all_n4,BIOCON,0.25
2021-04-30,2021-01-01,bb_lower&skew_neg_all_n4,ZEEL,0.25
2021-04-30,2021-01-01,bb_lower&skew_neg_all_n4,UNITDSPR,0.25
2021-04-30,2021-01-01,bb_lower&skew_neg_all_n4,TCS,0.25
2021-05-14,2021-01-01,bb_lower&skew_neg_all_n4,BANDHANBNK,0.25
2021-05-14,2021-01-01,bb_lower&skew_neg_all_n4,APLLTD,0.25
2021-05-14,2021-01-01,bb_lower&skew_neg_all_n4,LALPATHLAB,0.25
2021-05-14,2021-01-01,bb_lower&skew_neg_all_n4,BIOCON,0.25
2021-05-28,2021-01-01,bb_lower&skew_neg_all_n4,BIOCON,0.25
2021-05-28,2021-01-01,bb_lower&skew_neg_all_n4,APLLTD,0.25
2021-05-28,2021-01-01,bb_lower&skew_neg_all_n4,ARE&M,0.25
2021-05-28,2021-01-01,bb_lower&skew_neg_all_n4,IPCALAB,0.25
2021-06-11,2021-01-01,bb_lower&skew_neg_all_n4,PETRONET,0.25
2021-06-11,2021-01-01,bb_lower&skew_neg_all_n4,SANOFI,0.25
2021-06-11,2021-01-01,bb_lower&skew_neg_all_n4,BAJAJHLDNG,0.25
2021-06-11,2021-01-01,bb_lower&skew_neg_all_n4,ARE&M,0.25
2021-06-25,2021-01-01,bb_lower&skew_neg_all_n4,BIOCON,0.25
2021-06-25,2021-01-01,bb_lower&skew_neg_all_n4,PETRONET,0.25
2021-06-25,2021-01-01,bb_lower&skew_neg_all_n4,MGL,0.25
2021-06-25,2021-01-01,bb_lower&skew_neg_all_n4,ZEEL,0.25
2021-07-09,2021-07-01,eff_ratio_6m&ma_cross_50_200_highvol_n4|above_50dma+vol_above_med,ADANIENT,0.25
2021-07-09,2021-07-01,eff_ratio_6m&ma_cross_50_200_highvol_n4|above_50dma+vol_above_med,JSWENERGY,0.25
2021-07-09,2021-07-01,eff_ratio_6m&ma_cross_50_200_highvol_n4|above_50dma+vol_above_med,TATAELXSI,0.25
2021-07-09,2021-07-01,eff_ratio_6m&ma_cross_50_200_highvol_n4|above_50dma+vol_above_med,LAURUSLABS,0.25
2021-07-23,2021-07-01,eff_ratio_6m&ma_cross_50_200_highvol_n4|above_50dma+vol_above_med,JSWENERGY,0.25
2021-07-23,2021-07-01,eff_ratio_6m&ma_cross_50_200_highvol_n4|above_50dma+vol_above_med,TATASTEEL,0.25
2021-07-23,2021-07-01,eff_ratio_6m&ma_cross_50_200_highvol_n4|above_50dma+vol_above_med,SAIL,0.25
2021-07-23,2021-07-01,eff_ratio_6m&ma_cross_50_200_highvol_n4|above_50dma+vol_above_med,LAURUSLABS,0.25
2021-08-06,2021-07-01,eff_ratio_6m&ma_cross_50_200_highvol_n4|above_50dma+vol_above_med,JSWENERGY,0.25
2021-08-06,2021-07-01,eff_ratio_6m&ma_cross_50_200_highvol_n4|above_50dma+vol_above_med,ADANIENT,0.25
2021-08-06,2021-07-01,eff_ratio_6m&ma_cross_50_200_highvol_n4|above_50dma+vol_above_med,TATASTEEL,0.25
2021-08-06,2021-07-01,eff_ratio_6m&ma_cross_50_200_highvol_n4|above_50dma+vol_above_med,SAIL,0.25
2021-08-20,2021-07-01,eff_ratio_6m&ma_cross_50_200_highvol_n4|above_50dma+vol_above_med,JSWENERGY,0.25
2021-08-20,2021-07-01,eff_ratio_6m&ma_cross_50_200_highvol_n4|above_50dma+vol_above_med,LAURUSLABS,0.25
2021-08-20,2021-07-01,eff_ratio_6m&ma_cross_50_200_highvol_n4|above_50dma+vol_above_med,TATASTEEL,0.25
2021-08-20,2021-07-01,eff_ratio_6m&ma_cross_50_200_highvol_n4|above_50dma+vol_above_med,BSE,0.25
2021-09-03,2021-07-01,eff_ratio_6m&ma_cross_50_200_highvol_n4|above_50dma+vol_above_med,JSWENERGY,0.25
2021-09-03,2021-07-01,eff_ratio_6m&ma_cross_50_200_highvol_n4|above_50dma+vol_above_med,BSE,0.25
2021-09-03,2021-07-01,eff_ratio_6m&ma_cross_50_200_highvol_n4|above_50dma+vol_above_med,COFORGE,0.25
2021-09-03,2021-07-01,eff_ratio_6m&ma_cross_50_200_highvol_n4|above_50dma+vol_above_med,TATAELXSI,0.25
2021-09-17,2021-07-01,eff_ratio_6m&ma_cross_50_200_highvol_n4|above_50dma+vol_above_med,JSWENERGY,0.25
2021-09-17,2021-07-01,eff_ratio_6m&ma_cross_50_200_highvol_n4|above_50dma+vol_above_med,SRF,0.25
2021-09-17,2021-07-01,eff_ratio_6m&ma_cross_50_200_highvol_n4|above_50dma+vol_above_med,TATAELXSI,0.25
2021-09-17,2021-07-01,eff_ratio_6m&ma_cross_50_200_highvol_n4|above_50dma+vol_above_med,BSE,0.25
2021-10-01,2021-07-01,eff_ratio_6m&ma_cross_50_200_highvol_n4|above_50dma+vol_above_med,JSWENERGY,0.25
2021-10-01,2021-07-01,eff_ratio_6m&ma_cross_50_200_highvol_n4|above_50dma+vol_above_med,IRCTC,0.25
2021-10-01,2021-07-01,eff_ratio_6m&ma_cross_50_200_highvol_n4|above_50dma+vol_above_med,SRF,0.25
2021-10-01,2021-07-01,eff_ratio_6m&ma_cross_50_200_highvol_n4|above_50dma+vol_above_med,TATAELXSI,0.25
2021-10-14,2021-07-01,eff_ratio_6m&ma_cross_50_200_highvol_n4|above_50dma+vol_above_med,JSWENERGY,0.25
2021-10-14,2021-07-01,eff_ratio_6m&ma_cross_50_200_highvol_n4|above_50dma+vol_above_med,IRCTC,0.25
2021-10-14,2021-07-01,eff_ratio_6m&ma_cross_50_200_highvol_n4|above_50dma+vol_above_med,TATAELXSI,0.25
2021-10-14,2021-07-01,eff_ratio_6m&ma_cross_50_200_highvol_n4|above_50dma+vol_above_med,SRF,0.25
2021-10-29,2021-07-01,eff_ratio_6m&ma_cross_50_200_highvol_n4|above_50dma+vol_above_med,JSWENERGY,0.25
2021-10-29,2021-07-01,eff_ratio_6m&ma_cross_50_200_highvol_n4|above_50dma+vol_above_med,IRCTC,0.25
2021-10-29,2021-07-01,eff_ratio_6m&ma_cross_50_200_highvol_n4|above_50dma+vol_above_med,TATAPOWER,0.25
2021-10-29,2021-07-01,eff_ratio_6m&ma_cross_50_200_highvol_n4|above_50dma+vol_above_med,BSE,0.25
2021-11-12,2021-07-01,eff_ratio_6m&ma_cross_50_200_highvol_n4|above_50dma+vol_above_med,IRCTC,0.25
2021-11-12,2021-07-01,eff_ratio_6m&ma_cross_50_200_highvol_n4|above_50dma+vol_above_med,LTTS,0.25
2021-11-12,2021-07-01,eff_ratio_6m&ma_cross_50_200_highvol_n4|above_50dma+vol_above_med,TATAPOWER,0.25
2021-11-12,2021-07-01,eff_ratio_6m&ma_cross_50_200_highvol_n4|above_50dma+vol_above_med,TATAELXSI,0.25
2021-11-26,2021-07-01,eff_ratio_6m&ma_cross_50_200_highvol_n4|above_50dma+vol_above_med,TATAPOWER,0.25
2021-11-26,2021-07-01,eff_ratio_6m&ma_cross_50_200_highvol_n4|above_50dma+vol_above_med,LTTS,0.25
2021-11-26,2021-07-01,eff_ratio_6m&ma_cross_50_200_highvol_n4|above_50dma+vol_above_med,LTM,0.25
2021-11-26,2021-07-01,eff_ratio_6m&ma_cross_50_200_highvol_n4|above_50dma+vol_above_med,BSE,0.25
2021-12-10,2021-07-01,eff_ratio_6m&ma_cross_50_200_highvol_n4|above_50dma+vol_above_med,BSE,0.25
2021-12-10,2021-07-01,eff_ratio_6m&ma_cross_50_200_highvol_n4|above_50dma+vol_above_med,TATAPOWER,0.25
2021-12-10,2021-07-01,eff_ratio_6m&ma_cross_50_200_highvol_n4|above_50dma+vol_above_med,LTM,0.25
2021-12-10,2021-07-01,eff_ratio_6m&ma_cross_50_200_highvol_n4|above_50dma+vol_above_med,ZEEL,0.25
2021-12-24,2021-07-01,eff_ratio_6m&ma_cross_50_200_highvol_n4|above_50dma+vol_above_med,BSE,0.25
2021-12-24,2021-07-01,eff_ratio_6m&ma_cross_50_200_highvol_n4|above_50dma+vol_above_med,LTTS,0.25
2021-12-24,2021-07-01,eff_ratio_6m&ma_cross_50_200_highvol_n4|above_50dma+vol_above_med,LTM,0.25
2021-12-24,2021-07-01,eff_ratio_6m&ma_cross_50_200_highvol_n4|above_50dma+vol_above_med,SRF,0.25
2022-01-07,2022-01-01,mom_3m&sortino_6m_highvol_n4|vol_above_med,BSE,0.25
2022-01-07,2022-01-01,mom_3m&sortino_6m_highvol_n4|vol_above_med,LTTS,0.25
2022-01-07,2022-01-01,mom_3m&sortino_6m_highvol_n4|vol_above_med,ATGL,0.25
2022-01-07,2022-01-01,mom_3m&sortino_6m_highvol_n4|vol_above_med,LTM,0.25
2022-01-21,2022-01-01,mom_3m&sortino_6m_highvol_n4|vol_above_med,ADANIGREEN,0.25
2022-01-21,2022-01-01,mom_3m&sortino_6m_highvol_n4|vol_above_med,ATGL,0.25
2022-01-21,2022-01-01,mom_3m&sortino_6m_highvol_n4|vol_above_med,BSE,0.25
2022-01-21,2022-01-01,mom_3m&sortino_6m_highvol_n4|vol_above_med,ADANIENSOL,0.25
2022-02-04,2022-01-01,mom_3m&sortino_6m_highvol_n4|vol_above_med,ADANIGREEN,0.25
2022-02-04,2022-01-01,mom_3m&sortino_6m_highvol_n4|vol_above_med,BSE,0.25
2022-02-04,2022-01-01,mom_3m&sortino_6m_highvol_n4|vol_above_med,ATGL,0.25
2022-02-04,2022-01-01,mom_3m&sortino_6m_highvol_n4|vol_above_med,ADANIENSOL,0.25
2022-02-18,2022-01-01,mom_3m&sortino_6m_highvol_n4|vol_above_med,ADANIGREEN,0.25
2022-02-18,2022-01-01,mom_3m&sortino_6m_highvol_n4|vol_above_med,BSE,0.25
2022-02-18,2022-01-01,mom_3m&sortino_6m_highvol_n4|vol_above_med,NATIONALUM,0.25
2022-02-18,2022-01-01,mom_3m&sortino_6m_highvol_n4|vol_above_med,GMRAIRPORT,0.25
2022-03-04,2022-01-01,mom_3m&sortino_6m_highvol_n4|vol_above_med,ADANIGREEN,0.25
2022-03-04,2022-01-01,mom_3m&sortino_6m_highvol_n4|vol_above_med,NATIONALUM,0.25
2022-03-04,2022-01-01,mom_3m&sortino_6m_highvol_n4|vol_above_med,COALINDIA,0.25
2022-03-04,2022-01-01,mom_3m&sortino_6m_highvol_n4|vol_above_med,BSE,0.25
2022-03-17,2022-01-01,mom_3m&sortino_6m_highvol_n4|vol_above_med,BSE,0.25
2022-03-17,2022-01-01,mom_3m&sortino_6m_highvol_n4|vol_above_med,ADANIGREEN,0.25
2022-03-17,2022-01-01,mom_3m&sortino_6m_highvol_n4|vol_above_med,TATAELXSI,0.25
2022-03-17,2022-01-01,mom_3m&sortino_6m_highvol_n4|vol_above_med,ONGC,0.25
2022-04-01,2022-01-01,mom_3m&sortino_6m_highvol_n4|vol_above_med,BSE,0.25
2022-04-01,2022-01-01,mom_3m&sortino_6m_highvol_n4|vol_above_med,ADANIGREEN,0.25
2022-04-01,2022-01-01,mom_3m&sortino_6m_highvol_n4|vol_above_med,TATAELXSI,0.25
2022-04-01,2022-01-01,mom_3m&sortino_6m_highvol_n4|vol_above_med,ADANIENSOL,0.25
2022-04-13,2022-01-01,mom_3m&sortino_6m_highvol_n4|vol_above_med,ADANIGREEN,0.25
2022-04-13,2022-01-01,mom_3m&sortino_6m_highvol_n4|vol_above_med,ATGL,0.25
2022-04-13,2022-01-01,mom_3m&sortino_6m_highvol_n4|vol_above_med,BSE,0.25
2022-04-13,2022-01-01,mom_3m&sortino_6m_highvol_n4|vol_above_med,ADANIENSOL,0.25
2022-04-29,2022-01-01,mom_3m&sortino_6m_highvol_n4|vol_above_med,ADANIGREEN,0.25
2022-04-29,2022-01-01,mom_3m&sortino_6m_highvol_n4|vol_above_med,BSE,0.25
2022-04-29,2022-01-01,mom_3m&sortino_6m_highvol_n4|vol_above_med,ATGL,0.25
2022-04-29,2022-01-01,mom_3m&sortino_6m_highvol_n4|vol_above_med,ADANIENSOL,0.25
2022-05-13,2022-01-01,mom_3m&sortino_6m_highvol_n4|vol_above_med,ATGL,0.25
2022-05-13,2022-01-01,mom_3m&sortino_6m_highvol_n4|vol_above_med,ADANIGREEN,0.25
2022-05-13,2022-01-01,mom_3m&sortino_6m_highvol_n4|vol_above_med,ADANIENT,0.25
2022-05-13,2022-01-01,mom_3m&sortino_6m_highvol_n4|vol_above_med,BSE,0.25
2022-05-27,2022-01-01,mom_3m&sortino_6m_highvol_n4|vol_above_med,ATGL,0.25
2022-05-27,2022-01-01,mom_3m&sortino_6m_highvol_n4|vol_above_med,TATAELXSI,0.25
2022-05-27,2022-01-01,mom_3m&sortino_6m_highvol_n4|vol_above_med,COROMANDEL,0.25
2022-05-27,2022-01-01,mom_3m&sortino_6m_highvol_n4|vol_above_med,ADANIGREEN,0.25
2022-06-10,2022-01-01,mom_3m&sortino_6m_highvol_n4|vol_above_med,ATGL,0.25
2022-06-10,2022-01-01,mom_3m&sortino_6m_highvol_n4|vol_above_med,OIL,0.25
2022-06-10,2022-01-01,mom_3m&sortino_6m_highvol_n4|vol_above_med,ADANIENT,0.25
2022-06-10,2022-01-01,mom_3m&sortino_6m_highvol_n4|vol_above_med,TATAELXSI,0.25
2022-06-24,2022-01-01,mom_3m&sortino_6m_highvol_n4|vol_above_med,HAL,0.25
2022-06-24,2022-01-01,mom_3m&sortino_6m_highvol_n4|vol_above_med,VBL,0.25
2022-06-24,2022-01-01,mom_3m&sortino_6m_highvol_n4|vol_above_med,ADANIENT,0.25
2022-06-24,2022-01-01,mom_3m&sortino_6m_highvol_n4|vol_above_med,ATGL,0.25
2022-07-08,2022-07-01,amihud&ma_cross_50_200_highvol_n4|above_50dma+vol_above_med,ATGL,0.25
2022-07-08,2022-07-01,amihud&ma_cross_50_200_highvol_n4|above_50dma+vol_above_med,COROMANDEL,0.25
2022-07-08,2022-07-01,amihud&ma_cross_50_200_highvol_n4|above_50dma+vol_above_med,ABB,0.25
2022-07-08,2022-07-01,amihud&ma_cross_50_200_highvol_n4|above_50dma+vol_above_med,ADANIENSOL,0.25
2022-07-22,2022-07-01,amihud&ma_cross_50_200_highvol_n4|above_50dma+vol_above_med,ATGL,0.25
2022-07-22,2022-07-01,amihud&ma_cross_50_200_highvol_n4|above_50dma+vol_above_med,INDIANB,0.25
2022-07-22,2022-07-01,amihud&ma_cross_50_200_highvol_n4|above_50dma+vol_above_med,SYNGENE,0.25
2022-07-22,2022-07-01,amihud&ma_cross_50_200_highvol_n4|above_50dma+vol_above_med,PRESTIGE,0.25
2022-08-05,2022-07-01,amihud&ma_cross_50_200_highvol_n4|above_50dma+vol_above_med,ATGL,0.25
2022-08-05,2022-07-01,amihud&ma_cross_50_200_highvol_n4|above_50dma+vol_above_med,COROMANDEL,0.25
2022-08-05,2022-07-01,amihud&ma_cross_50_200_highvol_n4|above_50dma+vol_above_med,VBL,0.25
2022-08-05,2022-07-01,amihud&ma_cross_50_200_highvol_n4|above_50dma+vol_above_med,ADANIENSOL,0.25
2022-08-19,2022-07-01,amihud&ma_cross_50_200_highvol_n4|above_50dma+vol_above_med,ATGL,0.25
2022-08-19,2022-07-01,amihud&ma_cross_50_200_highvol_n4|above_50dma+vol_above_med,ADANIENSOL,0.25
2022-08-19,2022-07-01,amihud&ma_cross_50_200_highvol_n4|above_50dma+vol_above_med,VBL,0.25
2022-08-19,2022-07-01,amihud&ma_cross_50_200_highvol_n4|above_50dma+vol_above_med,M&MFIN,0.25
2022-09-02,2022-07-01,amihud&ma_cross_50_200_highvol_n4|above_50dma+vol_above_med,ATGL,0.25
2022-09-02,2022-07-01,amihud&ma_cross_50_200_highvol_n4|above_50dma+vol_above_med,ADANIENSOL,0.25
2022-09-02,2022-07-01,amihud&ma_cross_50_200_highvol_n4|above_50dma+vol_above_med,COROMANDEL,0.25
2022-09-02,2022-07-01,amihud&ma_cross_50_200_highvol_n4|above_50dma+vol_above_med,VBL,0.25
2022-09-16,2022-07-01,amihud&ma_cross_50_200_highvol_n4|above_50dma+vol_above_med,ADANIENSOL,0.25
2022-09-16,2022-07-01,amihud&ma_cross_50_200_highvol_n4|above_50dma+vol_above_med,INDIANB,0.25
2022-09-16,2022-07-01,amihud&ma_cross_50_200_highvol_n4|above_50dma+vol_above_med,ATGL,0.25
2022-09-16,2022-07-01,amihud&ma_cross_50_200_highvol_n4|above_50dma+vol_above_med,VBL,0.25
2022-09-30,2022-07-01,amihud&ma_cross_50_200_highvol_n4|above_50dma+vol_above_med,INDIANB,0.25
2022-09-30,2022-07-01,amihud&ma_cross_50_200_highvol_n4|above_50dma+vol_above_med,PATANJALI,0.25
2022-09-30,2022-07-01,amihud&ma_cross_50_200_highvol_n4|above_50dma+vol_above_med,TIINDIA,0.25
2022-09-30,2022-07-01,amihud&ma_cross_50_200_highvol_n4|above_50dma+vol_above_med,VBL,0.25
2022-10-14,2022-07-01,amihud&ma_cross_50_200_highvol_n4|above_50dma+vol_above_med,INDIANB,0.25
2022-10-14,2022-07-01,amihud&ma_cross_50_200_highvol_n4|above_50dma+vol_above_med,PATANJALI,0.25
2022-10-14,2022-07-01,amihud&ma_cross_50_200_highvol_n4|above_50dma+vol_above_med,TIINDIA,0.25
2022-10-14,2022-07-01,amihud&ma_cross_50_200_highvol_n4|above_50dma+vol_above_med,BAJAJHLDNG,0.25
2022-10-28,2022-07-01,amihud&ma_cross_50_200_highvol_n4|above_50dma+vol_above_med,INDIANB,0.25
2022-10-28,2022-07-01,amihud&ma_cross_50_200_highvol_n4|above_50dma+vol_above_med,PATANJALI,0.25
2022-10-28,2022-07-01,amihud&ma_cross_50_200_highvol_n4|above_50dma+vol_above_med,TIINDIA,0.25
2022-10-28,2022-07-01,amihud&ma_cross_50_200_highvol_n4|above_50dma+vol_above_med,ATGL,0.25
2022-11-11,2022-07-01,amihud&ma_cross_50_200_highvol_n4|above_50dma+vol_above_med,INDIANB,0.25
2022-11-11,2022-07-01,amihud&ma_cross_50_200_highvol_n4|above_50dma+vol_above_med,BANKINDIA,0.25
2022-11-11,2022-07-01,amihud&ma_cross_50_200_highvol_n4|above_50dma+vol_above_med,UNIONBANK,0.25
2022-11-11,2022-07-01,amihud&ma_cross_50_200_highvol_n4|above_50dma+vol_above_med,ATGL,0.25
2022-11-25,2022-07-01,amihud&ma_cross_50_200_highvol_n4|above_50dma+vol_above_med,INDIANB,0.25
2022-11-25,2022-07-01,amihud&ma_cross_50_200_highvol_n4|above_50dma+vol_above_med,UNIONBANK,0.25
2022-11-25,2022-07-01,amihud&ma_cross_50_200_highvol_n4|above_50dma+vol_above_med,BANKINDIA,0.25
2022-11-25,2022-07-01,amihud&ma_cross_50_200_highvol_n4|above_50dma+vol_above_med,ATGL,0.25
2022-12-09,2022-07-01,amihud&ma_cross_50_200_highvol_n4|above_50dma+vol_above_med,INDIANB,0.25
2022-12-09,2022-07-01,amihud&ma_cross_50_200_highvol_n4|above_50dma+vol_above_med,UNIONBANK,0.25
2022-12-09,2022-07-01,amihud&ma_cross_50_200_highvol_n4|above_50dma+vol_above_med,BANKINDIA,0.25
2022-12-09,2022-07-01,amihud&ma_cross_50_200_highvol_n4|above_50dma+vol_above_med,TIINDIA,0.25
2022-12-23,2022-07-01,amihud&ma_cross_50_200_highvol_n4|above_50dma+vol_above_med,INDIANB,0.25
2022-12-23,2022-07-01,amihud&ma_cross_50_200_highvol_n4|above_50dma+vol_above_med,BANKINDIA,0.25
2022-12-23,2022-07-01,amihud&ma_cross_50_200_highvol_n4|above_50dma+vol_above_med,LINDEINDIA,0.25
2022-12-23,2022-07-01,amihud&ma_cross_50_200_highvol_n4|above_50dma+vol_above_med,DALBHARAT,0.25
2023-01-06,2023-01-01,amihud&ma_cross_50_200_highvol_n4|above_50dma+vol_above_med,UNIONBANK,0.25
2023-01-06,2023-01-01,amihud&ma_cross_50_200_highvol_n4|above_50dma+vol_above_med,BANKINDIA,0.25
2023-01-06,2023-01-01,amihud&ma_cross_50_200_highvol_n4|above_50dma+vol_above_med,INDIANB,0.25
2023-01-06,2023-01-01,amihud&ma_cross_50_200_highvol_n4|above_50dma+vol_above_med,PRESTIGE,0.25
2023-01-20,2023-01-01,amihud&ma_cross_50_200_highvol_n4|above_50dma+vol_above_med,UNIONBANK,0.25
2023-01-20,2023-01-01,amihud&ma_cross_50_200_highvol_n4|above_50dma+vol_above_med,INDIANB,0.25
2023-01-20,2023-01-01,amihud&ma_cross_50_200_highvol_n4|above_50dma+vol_above_med,BANKINDIA,0.25
2023-01-20,2023-01-01,amihud&ma_cross_50_200_highvol_n4|above_50dma+vol_above_med,LINDEINDIA,0.25
2023-02-03,2023-01-01,amihud&ma_cross_50_200_highvol_n4|above_50dma+vol_above_med,INDIANB,0.25
2023-02-03,2023-01-01,amihud&ma_cross_50_200_highvol_n4|above_50dma+vol_above_med,HINDZINC,0.25
2023-02-03,2023-01-01,amihud&ma_cross_50_200_highvol_n4|above_50dma+vol_above_med,LINDEINDIA,0.25
2023-02-03,2023-01-01,amihud&ma_cross_50_200_highvol_n4|above_50dma+vol_above_med,BAJAJHLDNG,0.25
2023-02-17,2023-01-01,amihud&ma_cross_50_200_highvol_n4|above_50dma+vol_above_med,OIL,0.25
2023-02-17,2023-01-01,amihud&ma_cross_50_200_highvol_n4|above_50dma+vol_above_med,LINDEINDIA,0.25
2023-02-17,2023-01-01,amihud&ma_cross_50_200_highvol_n4|above_50dma+vol_above_med,PFC,0.25
2023-02-17,2023-01-01,amihud&ma_cross_50_200_highvol_n4|above_50dma+vol_above_med,BAJAJHLDNG,0.25
2023-03-03,2023-01-01,amihud&ma_cross_50_200_highvol_n4|above_50dma+vol_above_med,INDIANB,0.25
2023-03-03,2023-01-01,amihud&ma_cross_50_200_highvol_n4|above_50dma+vol_above_med,OIL,0.25
2023-03-03,2023-01-01,amihud&ma_cross_50_200_highvol_n4|above_50dma+vol_above_med,LINDEINDIA,0.25
2023-03-03,2023-01-01,amihud&ma_cross_50_200_highvol_n4|above_50dma+vol_above_med,ABCAPITAL,0.25
2023-03-17,2023-01-01,amihud&ma_cross_50_200_highvol_n4|above_50dma+vol_above_med,OIL,0.25
2023-03-17,2023-01-01,amihud&ma_cross_50_200_highvol_n4|above_50dma+vol_above_med,ABCAPITAL,0.25
2023-03-17,2023-01-01,amihud&ma_cross_50_200_highvol_n4|above_50dma+vol_above_med,LINDEINDIA,0.25
2023-03-17,2023-01-01,amihud&ma_cross_50_200_highvol_n4|above_50dma+vol_above_med,PFC,0.25
2023-03-31,2023-01-01,amihud&ma_cross_50_200_highvol_n4|above_50dma+vol_above_med,OIL,0.25
2023-03-31,2023-01-01,amihud&ma_cross_50_200_highvol_n4|above_50dma+vol_above_med,INDIANB,0.25
2023-03-31,2023-01-01,amihud&ma_cross_50_200_highvol_n4|above_50dma+vol_above_med,ABCAPITAL,0.25
2023-03-31,2023-01-01,amihud&ma_cross_50_200_highvol_n4|above_50dma+vol_above_med,PFC,0.25
2023-04-13,2023-01-01,amihud&ma_cross_50_200_highvol_n4|above_50dma+vol_above_med,OIL,0.25
2023-04-13,2023-01-01,amihud&ma_cross_50_200_highvol_n4|above_50dma+vol_above_med,INDIANB,0.25
2023-04-13,2023-01-01,amihud&ma_cross_50_200_highvol_n4|above_50dma+vol_above_med,HINDZINC,0.25
2023-04-13,2023-01-01,amihud&ma_cross_50_200_highvol_n4|above_50dma+vol_above_med,ABCAPITAL,0.25
2023-04-28,2023-01-01,amihud&ma_cross_50_200_highvol_n4|above_50dma+vol_above_med,OIL,0.25
2023-04-28,2023-01-01,amihud&ma_cross_50_200_highvol_n4|above_50dma+vol_above_med,INDIANB,0.25
2023-04-28,2023-01-01,amihud&ma_cross_50_200_highvol_n4|above_50dma+vol_above_med,ABCAPITAL,0.25
2023-04-28,2023-01-01,amihud&ma_cross_50_200_highvol_n4|above_50dma+vol_above_med,TORNTPOWER,0.25
2023-05-12,2023-01-01,amihud&ma_cross_50_200_highvol_n4|above_50dma+vol_above_med,TORNTPOWER,0.25
2023-05-12,2023-01-01,amihud&ma_cross_50_200_highvol_n4|above_50dma+vol_above_med,ABCAPITAL,0.25
2023-05-12,2023-01-01,amihud&ma_cross_50_200_highvol_n4|above_50dma+vol_above_med,PRESTIGE,0.25
2023-05-12,2023-01-01,amihud&ma_cross_50_200_highvol_n4|above_50dma+vol_above_med,PFC,0.25
2023-05-26,2023-01-01,amihud&ma_cross_50_200_highvol_n4|above_50dma+vol_above_med,OIL,0.25
2023-05-26,2023-01-01,amihud&ma_cross_50_200_highvol_n4|above_50dma+vol_above_med,TORNTPOWER,0.25
2023-05-26,2023-01-01,amihud&ma_cross_50_200_highvol_n4|above_50dma+vol_above_med,PRESTIGE,0.25
2023-05-26,2023-01-01,amihud&ma_cross_50_200_highvol_n4|above_50dma+vol_above_med,ABCAPITAL,0.25
2023-06-09,2023-01-01,amihud&ma_cross_50_200_highvol_n4|above_50dma+vol_above_med,TORNTPOWER,0.25
2023-06-09,2023-01-01,amihud&ma_cross_50_200_highvol_n4|above_50dma+vol_above_med,PRESTIGE,0.25
2023-06-09,2023-01-01,amihud&ma_cross_50_200_highvol_n4|above_50dma+vol_above_med,BAJAJHLDNG,0.25
2023-06-09,2023-01-01,amihud&ma_cross_50_200_highvol_n4|above_50dma+vol_above_med,ABCAPITAL,0.25
2023-06-23,2023-01-01,amihud&ma_cross_50_200_highvol_n4|above_50dma+vol_above_med,TORNTPOWER,0.25
2023-06-23,2023-01-01,amihud&ma_cross_50_200_highvol_n4|above_50dma+vol_above_med,PRESTIGE,0.25
2023-06-23,2023-01-01,amihud&ma_cross_50_200_highvol_n4|above_50dma+vol_above_med,BAJAJHLDNG,0.25
2023-06-23,2023-01-01,amihud&ma_cross_50_200_highvol_n4|above_50dma+vol_above_med,CGPOWER,0.25
2023-07-07,2023-07-01,amihud&trend_r2_all_n4|liq_above_med|gate_mkt_6m_pos,POLICYBZR,0.25
2023-07-07,2023-07-01,amihud&trend_r2_all_n4|liq_above_med|gate_mkt_6m_pos,AUROPHARMA,0.25
2023-07-07,2023-07-01,amihud&trend_r2_all_n4|liq_above_med|gate_mkt_6m_pos,POONAWALLA,0.25
2023-07-07,2023-07-01,amihud&trend_r2_all_n4|liq_above_med|gate_mkt_6m_pos,ABB,0.25
2023-07-21,2023-07-01,amihud&trend_r2_all_n4|liq_above_med|gate_mkt_6m_pos,AUROPHARMA,0.25
2023-07-21,2023-07-01,amihud&trend_r2_all_n4|liq_above_med|gate_mkt_6m_pos,POLICYBZR,0.25
2023-07-21,2023-07-01,amihud&trend_r2_all_n4|liq_above_med|gate_mkt_6m_pos,HINDPETRO,0.25
2023-07-21,2023-07-01,amihud&trend_r2_all_n4|liq_above_med|gate_mkt_6m_pos,ABB,0.25
2023-08-04,2023-07-01,amihud&trend_r2_all_n4|liq_above_med|gate_mkt_6m_pos,POLICYBZR,0.25
2023-08-04,2023-07-01,amihud&trend_r2_all_n4|liq_above_med|gate_mkt_6m_pos,BSE,0.25
2023-08-04,2023-07-01,amihud&trend_r2_all_n4|liq_above_med|gate_mkt_6m_pos,HINDPETRO,0.25
2023-08-04,2023-07-01,amihud&trend_r2_all_n4|liq_above_med|gate_mkt_6m_pos,ADANIPOWER,0.25
2023-08-18,2023-07-01,amihud&trend_r2_all_n4|liq_above_med|gate_mkt_6m_pos,JSWENERGY,0.25
2023-08-18,2023-07-01,amihud&trend_r2_all_n4|liq_above_med|gate_mkt_6m_pos,POLICYBZR,0.25
2023-08-18,2023-07-01,amihud&trend_r2_all_n4|liq_above_med|gate_mkt_6m_pos,BSE,0.25
2023-08-18,2023-07-01,amihud&trend_r2_all_n4|liq_above_med|gate_mkt_6m_pos,TRENT,0.25
2023-09-01,2023-07-01,amihud&trend_r2_all_n4|liq_above_med|gate_mkt_6m_pos,POLICYBZR,0.25
2023-09-01,2023-07-01,amihud&trend_r2_all_n4|liq_above_med|gate_mkt_6m_pos,TRENT,0.25
2023-09-01,2023-07-01,amihud&trend_r2_all_n4|liq_above_med|gate_mkt_6m_pos,BSE,0.25
2023-09-01,2023-07-01,amihud&trend_r2_all_n4|liq_above_med|gate_mkt_6m_pos,ESCORTS,0.25
2023-09-15,2023-07-01,amihud&trend_r2_all_n4|liq_above_med|gate_mkt_6m_pos,POLICYBZR,0.25
2023-09-15,2023-07-01,amihud&trend_r2_all_n4|liq_above_med|gate_mkt_6m_pos,MFSL,0.25
2023-09-15,2023-07-01,amihud&trend_r2_all_n4|liq_above_med|gate_mkt_6m_pos,TRENT,0.25
2023-09-15,2023-07-01,amihud&trend_r2_all_n4|liq_above_med|gate_mkt_6m_pos,ESCORTS,0.25
2023-09-29,2023-07-01,amihud&trend_r2_all_n4|liq_above_med|gate_mkt_6m_pos,ESCORTS,0.25
2023-09-29,2023-07-01,amihud&trend_r2_all_n4|liq_above_med|gate_mkt_6m_pos,JSWENERGY,0.25
2023-09-29,2023-07-01,amihud&trend_r2_all_n4|liq_above_med|gate_mkt_6m_pos,IDEA,0.25
2023-09-29,2023-07-01,amihud&trend_r2_all_n4|liq_above_med|gate_mkt_6m_pos,TRENT,0.25
2023-10-13,2023-07-01,amihud&trend_r2_all_n4|liq_above_med|gate_mkt_6m_pos,ESCORTS,0.25
2023-10-13,2023-07-01,amihud&trend_r2_all_n4|liq_above_med|gate_mkt_6m_pos,JSWENERGY,0.25
2023-10-13,2023-07-01,amihud&trend_r2_all_n4|liq_above_med|gate_mkt_6m_pos,APLAPOLLO,0.25
2023-10-13,2023-07-01,amihud&trend_r2_all_n4|liq_above_med|gate_mkt_6m_pos,UNITDSPR,0.25
2023-10-27,2023-07-01,amihud&trend_r2_all_n4|liq_above_med|gate_mkt_6m_pos,FACT,0.25
2023-10-27,2023-07-01,amihud&trend_r2_all_n4|liq_above_med|gate_mkt_6m_pos,MFSL,0.25
2023-10-27,2023-07-01,amihud&trend_r2_all_n4|liq_above_med|gate_mkt_6m_pos,GLAND,0.25
2023-10-27,2023-07-01,amihud&trend_r2_all_n4|liq_above_med|gate_mkt_6m_pos,ESCORTS,0.25
2023-11-10,2023-07-01,amihud&trend_r2_all_n4|liq_above_med|gate_mkt_6m_pos,FACT,0.25
2023-11-10,2023-07-01,amihud&trend_r2_all_n4|liq_above_med|gate_mkt_6m_pos,LODHA,0.25
2023-11-10,2023-07-01,amihud&trend_r2_all_n4|liq_above_med|gate_mkt_6m_pos,BANKINDIA,0.25
2023-11-10,2023-07-01,amihud&trend_r2_all_n4|liq_above_med|gate_mkt_6m_pos,ESCORTS,0.25
2023-11-24,2023-07-01,amihud&trend_r2_all_n4|liq_above_med|gate_mkt_6m_pos,FACT,0.25
2023-11-24,2023-07-01,amihud&trend_r2_all_n4|liq_above_med|gate_mkt_6m_pos,LODHA,0.25
2023-11-24,2023-07-01,amihud&trend_r2_all_n4|liq_above_med|gate_mkt_6m_pos,BANKINDIA,0.25
2023-11-24,2023-07-01,amihud&trend_r2_all_n4|liq_above_med|gate_mkt_6m_pos,ESCORTS,0.25
2023-12-08,2023-07-01,amihud&trend_r2_all_n4|liq_above_med|gate_mkt_6m_pos,PRESTIGE,0.25
2023-12-08,2023-07-01,amihud&trend_r2_all_n4|liq_above_med|gate_mkt_6m_pos,FACT,0.25
2023-12-08,2023-07-01,amihud&trend_r2_all_n4|liq_above_med|gate_mkt_6m_pos,GMRAIRPORT,0.25
2023-12-08,2023-07-01,amihud&trend_r2_all_n4|liq_above_med|gate_mkt_6m_pos,LODHA,0.25
2023-12-22,2023-07-01,amihud&trend_r2_all_n4|liq_above_med|gate_mkt_6m_pos,FACT,0.25
2023-12-22,2023-07-01,amihud&trend_r2_all_n4|liq_above_med|gate_mkt_6m_pos,OIL,0.25
2023-12-22,2023-07-01,amihud&trend_r2_all_n4|liq_above_med|gate_mkt_6m_pos,PRESTIGE,0.25
2023-12-22,2023-07-01,amihud&trend_r2_all_n4|liq_above_med|gate_mkt_6m_pos,GMRAIRPORT,0.25
2024-01-05,2024-01-01,adx_14&price_low_highvol_n4|rsi_below_85+vol_above_med,NMDC,0.25
2024-01-05,2024-01-01,adx_14&price_low_highvol_n4|rsi_below_85+vol_above_med,IOC,0.25
2024-01-05,2024-01-01,adx_14&price_low_highvol_n4|rsi_below_85+vol_above_med,YESBANK,0.25
2024-01-05,2024-01-01,adx_14&price_low_highvol_n4|rsi_below_85+vol_above_med,GMRAIRPORT,0.25
2024-01-19,2024-01-01,adx_14&price_low_highvol_n4|rsi_below_85+vol_above_med,IOC,0.25
2024-01-19,2024-01-01,adx_14&price_low_highvol_n4|rsi_below_85+vol_above_med,YESBANK,0.25
2024-01-19,2024-01-01,adx_14&price_low_highvol_n4|rsi_below_85+vol_above_med,NHPC,0.25
2024-01-19,2024-01-01,adx_14&price_low_highvol_n4|rsi_below_85+vol_above_med,GMRAIRPORT,0.25
2024-02-02,2024-01-01,adx_14&price_low_highvol_n4|rsi_below_85+vol_above_med,IRFC,0.25
2024-02-02,2024-01-01,adx_14&price_low_highvol_n4|rsi_below_85+vol_above_med,RVNL,0.25
2024-02-02,2024-01-01,adx_14&price_low_highvol_n4|rsi_below_85+vol_above_med,IOC,0.25
2024-02-02,2024-01-01,adx_14&price_low_highvol_n4|rsi_below_85+vol_above_med,BANKINDIA,0.25
2024-02-16,2024-01-01,adx_14&price_low_highvol_n4|rsi_below_85+vol_above_med,PNB,0.25
2024-02-16,2024-01-01,adx_14&price_low_highvol_n4|rsi_below_85+vol_above_med,IOC,0.25
2024-02-16,2024-01-01,adx_14&price_low_highvol_n4|rsi_below_85+vol_above_med,NHPC,0.25
2024-02-16,2024-01-01,adx_14&price_low_highvol_n4|rsi_below_85+vol_above_med,BPCL,0.25
2024-03-01,2024-01-01,adx_14&price_low_highvol_n4|rsi_below_85+vol_above_med,PNB,0.25
2024-03-01,2024-01-01,adx_14&price_low_highvol_n4|rsi_below_85+vol_above_med,ETERNAL,0.25
2024-03-01,2024-01-01,adx_14&price_low_highvol_n4|rsi_below_85+vol_above_med,OIL,0.25
2024-03-01,2024-01-01,adx_14&price_low_highvol_n4|rsi_below_85+vol_above_med,BPCL,0.25
2024-03-15,2024-01-01,adx_14&price_low_highvol_n4|rsi_below_85+vol_above_med,OIL,0.25
2024-03-15,2024-01-01,adx_14&price_low_highvol_n4|rsi_below_85+vol_above_med,PNB,0.25
2024-03-15,2024-01-01,adx_14&price_low_highvol_n4|rsi_below_85+vol_above_med,IDEA,0.25
2024-03-15,2024-01-01,adx_14&price_low_highvol_n4|rsi_below_85+vol_above_med,PAYTM,0.25
2024-03-28,2024-01-01,adx_14&price_low_highvol_n4|rsi_below_85+vol_above_med,ZEEL,0.25
2024-03-28,2024-01-01,adx_14&price_low_highvol_n4|rsi_below_85+vol_above_med,IDEA,0.25
2024-03-28,2024-01-01,adx_14&price_low_highvol_n4|rsi_below_85+vol_above_med,NMDC,0.25
2024-03-28,2024-01-01,adx_14&price_low_highvol_n4|rsi_below_85+vol_above_med,ETERNAL,0.25
2024-04-12,2024-01-01,adx_14&price_low_highvol_n4|rsi_below_85+vol_above_med,ETERNAL,0.25
2024-04-12,2024-01-01,adx_14&price_low_highvol_n4|rsi_below_85+vol_above_med,INDUSTOWER,0.25
2024-04-12,2024-01-01,adx_14&price_low_highvol_n4|rsi_below_85+vol_above_med,IDEA,0.25
2024-04-12,2024-01-01,adx_14&price_low_highvol_n4|rsi_below_85+vol_above_med,SAIL,0.25
2024-04-26,2024-01-01,adx_14&price_low_highvol_n4|rsi_below_85+vol_above_med,VEDL,0.25
2024-04-26,2024-01-01,adx_14&price_low_highvol_n4|rsi_below_85+vol_above_med,INDUSTOWER,0.25
2024-04-26,2024-01-01,adx_14&price_low_highvol_n4|rsi_below_85+vol_above_med,ABCAPITAL,0.25
2024-04-26,2024-01-01,adx_14&price_low_highvol_n4|rsi_below_85+vol_above_med,IDEA,0.25
2024-05-10,2024-01-01,adx_14&price_low_highvol_n4|rsi_below_85+vol_above_med,VEDL,0.25
2024-05-10,2024-01-01,adx_14&price_low_highvol_n4|rsi_below_85+vol_above_med,COFORGE,0.25
2024-05-10,2024-01-01,adx_14&price_low_highvol_n4|rsi_below_85+vol_above_med,NMDC,0.25
2024-05-10,2024-01-01,adx_14&price_low_highvol_n4|rsi_below_85+vol_above_med,INDUSTOWER,0.25
2024-05-24,2024-01-01,adx_14&price_low_highvol_n4|rsi_below_85+vol_above_med,VEDL,0.25
2024-05-24,2024-01-01,adx_14&price_low_highvol_n4|rsi_below_85+vol_above_med,CGPOWER,0.25
2024-05-24,2024-01-01,adx_14&price_low_highvol_n4|rsi_below_85+vol_above_med,NMDC,0.25
2024-05-24,2024-01-01,adx_14&price_low_highvol_n4|rsi_below_85+vol_above_med,YESBANK,0.25
2024-06-07,2024-01-01,adx_14&price_low_highvol_n4|rsi_below_85+vol_above_med,ASHOKLEY,0.25
2024-06-07,2024-01-01,adx_14&price_low_highvol_n4|rsi_below_85+vol_above_med,IDEA,0.25
2024-06-07,2024-01-01,adx_14&price_low_highvol_n4|rsi_below_85+vol_above_med,BEL,0.25
2024-06-07,2024-01-01,adx_14&price_low_highvol_n4|rsi_below_85+vol_above_med,RVNL,0.25
2024-06-21,2024-01-01,adx_14&price_low_highvol_n4|rsi_below_85+vol_above_med,IDEA,0.25
2024-06-21,2024-01-01,adx_14&price_low_highvol_n4|rsi_below_85+vol_above_med,ASHOKLEY,0.25
2024-06-21,2024-01-01,adx_14&price_low_highvol_n4|rsi_below_85+vol_above_med,RVNL,0.25
2024-06-21,2024-01-01,adx_14&price_low_highvol_n4|rsi_below_85+vol_above_med,SUZLON,0.25
2024-07-05,2024-07-01,adx_14&price_low_all_n4|rsi_below_85,MOTHERSON,0.25
2024-07-05,2024-07-01,adx_14&price_low_all_n4|rsi_below_85,IDEA,0.25
2024-07-05,2024-07-01,adx_14&price_low_all_n4|rsi_below_85,SUZLON,0.25
2024-07-05,2024-07-01,adx_14&price_low_all_n4|rsi_below_85,WIPRO,0.25
2024-07-19,2024-07-01,adx_14&price_low_all_n4|rsi_below_85,MOTHERSON,0.25
2024-07-19,2024-07-01,adx_14&price_low_all_n4|rsi_below_85,RVNL,0.25
2024-07-19,2024-07-01,adx_14&price_low_all_n4|rsi_below_85,WIPRO,0.25
2024-07-19,2024-07-01,adx_14&price_low_all_n4|rsi_below_85,FEDERALBNK,0.25
2024-08-02,2024-07-01,adx_14&price_low_all_n4|rsi_below_85,SUZLON,0.25
2024-08-02,2024-07-01,adx_14&price_low_all_n4|rsi_below_85,INFY,0.25
2024-08-02,2024-07-01,adx_14&price_low_all_n4|rsi_below_85,KALYANKJIL,0.25
2024-08-02,2024-07-01,adx_14&price_low_all_n4|rsi_below_85,FEDERALBNK,0.25
2024-08-16,2024-07-01,adx_14&price_low_all_n4|rsi_below_85,SUZLON,0.25
2024-08-16,2024-07-01,adx_14&price_low_all_n4|rsi_below_85,COLPAL,0.25
2024-08-16,2024-07-01,adx_14&price_low_all_n4|rsi_below_85,ETERNAL,0.25
2024-08-16,2024-07-01,adx_14&price_low_all_n4|rsi_below_85,IDFCFIRSTB,0.25
2024-08-30,2024-07-01,adx_14&price_low_all_n4|rsi_below_85,SUZLON,0.25
2024-08-30,2024-07-01,adx_14&price_low_all_n4|rsi_below_85,COLPAL,0.25
2024-08-30,2024-07-01,adx_14&price_low_all_n4|rsi_below_85,LUPIN,0.25
2024-08-30,2024-07-01,adx_14&price_low_all_n4|rsi_below_85,HINDPETRO,0.25
2024-09-13,2024-07-01,adx_14&price_low_all_n4|rsi_below_85,IDEA,0.25
2024-09-13,2024-07-01,adx_14&price_low_all_n4|rsi_below_85,SUZLON,0.25
2024-09-13,2024-07-01,adx_14&price_low_all_n4|rsi_below_85,KALYANKJIL,0.25
2024-09-13,2024-07-01,adx_14&price_low_all_n4|rsi_below_85,SUNPHARMA,0.25
2024-09-27,2024-07-01,adx_14&price_low_all_n4|rsi_below_85,IDEA,0.25
2024-09-27,2024-07-01,adx_14&price_low_all_n4|rsi_below_85,KALYANKJIL,0.25
2024-09-27,2024-07-01,adx_14&price_low_all_n4|rsi_below_85,IRFC,0.25
2024-09-27,2024-07-01,adx_14&price_low_all_n4|rsi_below_85,YESBANK,0.25
2024-10-11,2024-07-01,adx_14&price_low_all_n4|rsi_below_85,IDEA,0.25
2024-10-11,2024-07-01,adx_14&price_low_all_n4|rsi_below_85,YESBANK,0.25
2024-10-11,2024-07-01,adx_14&price_low_all_n4|rsi_below_85,BANKINDIA,0.25
2024-10-11,2024-07-01,adx_14&price_low_all_n4|rsi_below_85,IRFC,0.25
2024-10-25,2024-07-01,adx_14&price_low_all_n4|rsi_below_85,IDEA,0.25
2024-10-25,2024-07-01,adx_14&price_low_all_n4|rsi_below_85,YESBANK,0.25
2024-10-25,2024-07-01,adx_14&price_low_all_n4|rsi_below_85,BANKINDIA,0.25
2024-10-25,2024-07-01,adx_14&price_low_all_n4|rsi_below_85,MRPL,0.25
2024-11-08,2024-07-01,adx_14&price_low_all_n4|rsi_below_85,IDEA,0.25
2024-11-08,2024-07-01,adx_14&price_low_all_n4|rsi_below_85,YESBANK,0.25
2024-11-08,2024-07-01,adx_14&price_low_all_n4|rsi_below_85,INDUSINDBK,0.25
2024-11-08,2024-07-01,adx_14&price_low_all_n4|rsi_below_85,IGL,0.25
2024-11-22,2024-07-01,adx_14&price_low_all_n4|rsi_below_85,IDEA,0.25
2024-11-22,2024-07-01,adx_14&price_low_all_n4|rsi_below_85,IGL,0.25
2024-11-22,2024-07-01,adx_14&price_low_all_n4|rsi_below_85,YESBANK,0.25
2024-11-22,2024-07-01,adx_14&price_low_all_n4|rsi_below_85,IOC,0.25
2024-12-06,2024-07-01,adx_14&price_low_all_n4|rsi_below_85,INDUSINDBK,0.25
2024-12-06,2024-07-01,adx_14&price_low_all_n4|rsi_below_85,IDEA,0.25
2024-12-06,2024-07-01,adx_14&price_low_all_n4|rsi_below_85,COFORGE,0.25
2024-12-06,2024-07-01,adx_14&price_low_all_n4|rsi_below_85,ASIANPAINT,0.25
2024-12-20,2024-07-01,adx_14&price_low_all_n4|rsi_below_85,COFORGE,0.25
2024-12-20,2024-07-01,adx_14&price_low_all_n4|rsi_below_85,ASIANPAINT,0.25
2024-12-20,2024-07-01,adx_14&price_low_all_n4|rsi_below_85,INDHOTEL,0.25
2024-12-20,2024-07-01,adx_14&price_low_all_n4|rsi_below_85,INDUSINDBK,0.25
2025-01-03,2025-01-01,calmar_6m&trix_15_highvol_n4|above_50dma+rsi_below_85,COFORGE,0.25
2025-01-03,2025-01-01,calmar_6m&trix_15_highvol_n4|above_50dma+rsi_below_85,BSE,0.25
2025-01-03,2025-01-01,calmar_6m&trix_15_highvol_n4|above_50dma+rsi_below_85,PERSISTENT,0.25
2025-01-03,2025-01-01,calmar_6m&trix_15_highvol_n4|above_50dma+rsi_below_85,INDHOTEL,0.25
2025-01-17,2025-01-01,calmar_6m&trix_15_highvol_n4|above_50dma+rsi_below_85,BSE,0.25
2025-01-17,2025-01-01,calmar_6m&trix_15_highvol_n4|above_50dma+rsi_below_85,DIXON,0.25
2025-01-17,2025-01-01,calmar_6m&trix_15_highvol_n4|above_50dma+rsi_below_85,SRF,0.25
2025-01-17,2025-01-01,calmar_6m&trix_15_highvol_n4|above_50dma+rsi_below_85,INDHOTEL,0.25
2025-02-01,2025-01-01,calmar_6m&trix_15_highvol_n4|above_50dma+rsi_below_85,BSE,0.25
2025-02-01,2025-01-01,calmar_6m&trix_15_highvol_n4|above_50dma+rsi_below_85,SRF,0.25
2025-02-01,2025-01-01,calmar_6m&trix_15_highvol_n4|above_50dma+rsi_below_85,IDEA,0.25
2025-02-01,2025-01-01,calmar_6m&trix_15_highvol_n4|above_50dma+rsi_below_85,UPL,0.25
2025-02-14,2025-01-01,calmar_6m&trix_15_highvol_n4|above_50dma+rsi_below_85,SRF,0.25
2025-02-14,2025-01-01,calmar_6m&trix_15_highvol_n4|above_50dma+rsi_below_85,BAJAJHLDNG,0.25
2025-02-14,2025-01-01,calmar_6m&trix_15_highvol_n4|above_50dma+rsi_below_85,CHOLAFIN,0.25
2025-02-14,2025-01-01,calmar_6m&trix_15_highvol_n4|above_50dma+rsi_below_85,SUNDARMFIN,0.25
2025-02-28,2025-01-01,calmar_6m&trix_15_highvol_n4|above_50dma+rsi_below_85,BAJAJHLDNG,0.25
2025-02-28,2025-01-01,calmar_6m&trix_15_highvol_n4|above_50dma+rsi_below_85,SRF,0.25
2025-02-28,2025-01-01,calmar_6m&trix_15_highvol_n4|above_50dma+rsi_below_85,CHOLAFIN,0.25
2025-02-28,2025-01-01,calmar_6m&trix_15_highvol_n4|above_50dma+rsi_below_85,SHRIRAMFIN,0.25
2025-03-13,2025-01-01,calmar_6m&trix_15_highvol_n4|above_50dma+rsi_below_85,SRF,0.25
2025-03-13,2025-01-01,calmar_6m&trix_15_highvol_n4|above_50dma+rsi_below_85,SHRIRAMFIN,0.25
2025-03-13,2025-01-01,calmar_6m&trix_15_highvol_n4|above_50dma+rsi_below_85,CHOLAFIN,0.25
2025-03-13,2025-01-01,calmar_6m&trix_15_highvol_n4|above_50dma+rsi_below_85,MAZDOCK,0.25
2025-03-28,2025-01-01,calmar_6m&trix_15_highvol_n4|above_50dma+rsi_below_85,MAZDOCK,0.25
2025-03-28,2025-01-01,calmar_6m&trix_15_highvol_n4|above_50dma+rsi_below_85,SRF,0.25
2025-03-28,2025-01-01,calmar_6m&trix_15_highvol_n4|above_50dma+rsi_below_85,BDL,0.25
2025-03-28,2025-01-01,calmar_6m&trix_15_highvol_n4|above_50dma+rsi_below_85,BAJAJHLDNG,0.25
2025-04-11,2025-01-01,calmar_6m&trix_15_highvol_n4|above_50dma+rsi_below_85,MAZDOCK,0.25
2025-04-11,2025-01-01,calmar_6m&trix_15_highvol_n4|above_50dma+rsi_below_85,BSE,0.25
2025-04-11,2025-01-01,calmar_6m&trix_15_highvol_n4|above_50dma+rsi_below_85,BDL,0.25
2025-04-11,2025-01-01,calmar_6m&trix_15_highvol_n4|above_50dma+rsi_below_85,SOLARINDS,0.25
2025-04-25,2025-01-01,calmar_6m&trix_15_highvol_n4|above_50dma+rsi_below_85,BSE,0.25
2025-04-25,2025-01-01,calmar_6m&trix_15_highvol_n4|above_50dma+rsi_below_85,SOLARINDS,0.25
2025-04-25,2025-01-01,calmar_6m&trix_15_highvol_n4|above_50dma+rsi_below_85,BDL,0.25
2025-04-25,2025-01-01,calmar_6m&trix_15_highvol_n4|above_50dma+rsi_below_85,PAYTM,0.25
2025-05-09,2025-01-01,calmar_6m&trix_15_highvol_n4|above_50dma+rsi_below_85,BSE,0.25
2025-05-09,2025-01-01,calmar_6m&trix_15_highvol_n4|above_50dma+rsi_below_85,MAZDOCK,0.25
2025-05-09,2025-01-01,calmar_6m&trix_15_highvol_n4|above_50dma+rsi_below_85,BHARTIHEXA,0.25
2025-05-09,2025-01-01,calmar_6m&trix_15_highvol_n4|above_50dma+rsi_below_85,BDL,0.25
2025-05-23,2025-01-01,calmar_6m&trix_15_highvol_n4|above_50dma+rsi_below_85,BDL,0.25
2025-05-23,2025-01-01,calmar_6m&trix_15_highvol_n4|above_50dma+rsi_below_85,MAZDOCK,0.25
2025-05-23,2025-01-01,calmar_6m&trix_15_highvol_n4|above_50dma+rsi_below_85,BSE,0.25
2025-05-23,2025-01-01,calmar_6m&trix_15_highvol_n4|above_50dma+rsi_below_85,COCHINSHIP,0.25
2025-06-06,2025-01-01,calmar_6m&trix_15_highvol_n4|above_50dma+rsi_below_85,BSE,0.25
2025-06-06,2025-01-01,calmar_6m&trix_15_highvol_n4|above_50dma+rsi_below_85,BDL,0.25
2025-06-06,2025-01-01,calmar_6m&trix_15_highvol_n4|above_50dma+rsi_below_85,SOLARINDS,0.25
2025-06-06,2025-01-01,calmar_6m&trix_15_highvol_n4|above_50dma+rsi_below_85,MAZDOCK,0.25
2025-06-20,2025-01-01,calmar_6m&trix_15_highvol_n4|above_50dma+rsi_below_85,SOLARINDS,0.25
2025-06-20,2025-01-01,calmar_6m&trix_15_highvol_n4|above_50dma+rsi_below_85,COCHINSHIP,0.25
2025-06-20,2025-01-01,calmar_6m&trix_15_highvol_n4|above_50dma+rsi_below_85,MUTHOOTFIN,0.25
2025-06-20,2025-01-01,calmar_6m&trix_15_highvol_n4|above_50dma+rsi_below_85,BSE,0.25
2025-07-04,2025-07-01,eff_ratio_6m&vol_surge_highvol_n4|above_50dma+rsi_below_85,ABCAPITAL,0.25
2025-07-04,2025-07-01,eff_ratio_6m&vol_surge_highvol_n4|above_50dma+rsi_below_85,SOLARINDS,0.25
2025-07-04,2025-07-01,eff_ratio_6m&vol_surge_highvol_n4|above_50dma+rsi_below_85,LTF,0.25
2025-07-04,2025-07-01,eff_ratio_6m&vol_surge_highvol_n4|above_50dma+rsi_below_85,OIL,0.25
2025-07-18,2025-07-01,eff_ratio_6m&vol_surge_highvol_n4|above_50dma+rsi_below_85,LTF,0.25
2025-07-18,2025-07-01,eff_ratio_6m&vol_surge_highvol_n4|above_50dma+rsi_below_85,ABCAPITAL,0.25
2025-07-18,2025-07-01,eff_ratio_6m&vol_surge_highvol_n4|above_50dma+rsi_below_85,HDFCAMC,0.25
2025-07-18,2025-07-01,eff_ratio_6m&vol_surge_highvol_n4|above_50dma+rsi_below_85,INDIGO,0.25
2025-08-01,2025-07-01,eff_ratio_6m&vol_surge_highvol_n4|above_50dma+rsi_below_85,GLENMARK,0.25
2025-08-01,2025-07-01,eff_ratio_6m&vol_surge_highvol_n4|above_50dma+rsi_below_85,HDFCAMC,0.25
2025-08-01,2025-07-01,eff_ratio_6m&vol_surge_highvol_n4|above_50dma+rsi_below_85,LTF,0.25
2025-08-01,2025-07-01,eff_ratio_6m&vol_surge_highvol_n4|above_50dma+rsi_below_85,JIOFIN,0.25
2025-08-14,2025-07-01,eff_ratio_6m&vol_surge_highvol_n4|above_50dma+rsi_below_85,BOSCHLTD,0.25
2025-08-14,2025-07-01,eff_ratio_6m&vol_surge_highvol_n4|above_50dma+rsi_below_85,PAYTM,0.25
2025-08-14,2025-07-01,eff_ratio_6m&vol_surge_highvol_n4|above_50dma+rsi_below_85,ABCAPITAL,0.25
2025-08-14,2025-07-01,eff_ratio_6m&vol_surge_highvol_n4|above_50dma+rsi_below_85,LTF,0.25
2025-08-29,2025-07-01,eff_ratio_6m&vol_surge_highvol_n4|above_50dma+rsi_below_85,BOSCHLTD,0.25
2025-08-29,2025-07-01,eff_ratio_6m&vol_surge_highvol_n4|above_50dma+rsi_below_85,ABCAPITAL,0.25
2025-08-29,2025-07-01,eff_ratio_6m&vol_surge_highvol_n4|above_50dma+rsi_below_85,HEROMOTOCO,0.25
2025-08-29,2025-07-01,eff_ratio_6m&vol_surge_highvol_n4|above_50dma+rsi_below_85,OLAELEC,0.25
2025-09-12,2025-07-01,eff_ratio_6m&vol_surge_highvol_n4|above_50dma+rsi_below_85,OLAELEC,0.25
2025-09-12,2025-07-01,eff_ratio_6m&vol_surge_highvol_n4|above_50dma+rsi_below_85,MARUTI,0.25
2025-09-12,2025-07-01,eff_ratio_6m&vol_surge_highvol_n4|above_50dma+rsi_below_85,TVSMOTOR,0.25
2025-09-12,2025-07-01,eff_ratio_6m&vol_surge_highvol_n4|above_50dma+rsi_below_85,HEROMOTOCO,0.25
2025-09-26,2025-07-01,eff_ratio_6m&vol_surge_highvol_n4|above_50dma+rsi_below_85,ADANIPOWER,0.25
2025-09-26,2025-07-01,eff_ratio_6m&vol_surge_highvol_n4|above_50dma+rsi_below_85,MARUTI,0.25
2025-09-26,2025-07-01,eff_ratio_6m&vol_surge_highvol_n4|above_50dma+rsi_below_85,ATGL,0.25
2025-09-26,2025-07-01,eff_ratio_6m&vol_surge_highvol_n4|above_50dma+rsi_below_85,ASHOKLEY,0.25
2025-10-10,2025-07-01,eff_ratio_6m&vol_surge_highvol_n4|above_50dma+rsi_below_85,ADANIPOWER,0.25
2025-10-10,2025-07-01,eff_ratio_6m&vol_surge_highvol_n4|above_50dma+rsi_below_85,HEROMOTOCO,0.25
2025-10-10,2025-07-01,eff_ratio_6m&vol_surge_highvol_n4|above_50dma+rsi_below_85,ATGL,0.25
2025-10-10,2025-07-01,eff_ratio_6m&vol_surge_highvol_n4|above_50dma+rsi_below_85,FORTIS,0.25
2025-10-24,2025-07-01,eff_ratio_6m&vol_surge_highvol_n4|above_50dma+rsi_below_85,TATACOMM,0.25
2025-10-24,2025-07-01,eff_ratio_6m&vol_surge_highvol_n4|above_50dma+rsi_below_85,FORTIS,0.25
2025-10-24,2025-07-01,eff_ratio_6m&vol_surge_highvol_n4|above_50dma+rsi_below_85,ADANIPOWER,0.25
2025-10-24,2025-07-01,eff_ratio_6m&vol_surge_highvol_n4|above_50dma+rsi_below_85,HEROMOTOCO,0.25
2025-11-07,2025-07-01,eff_ratio_6m&vol_surge_highvol_n4|above_50dma+rsi_below_85,TATACOMM,0.25
2025-11-07,2025-07-01,eff_ratio_6m&vol_surge_highvol_n4|above_50dma+rsi_below_85,LTF,0.25
2025-11-07,2025-07-01,eff_ratio_6m&vol_surge_highvol_n4|above_50dma+rsi_below_85,CANBK,0.25
2025-11-07,2025-07-01,eff_ratio_6m&vol_surge_highvol_n4|above_50dma+rsi_below_85,SAIL,0.25
2025-11-21,2025-07-01,eff_ratio_6m&vol_surge_highvol_n4|above_50dma+rsi_below_85,LTF,0.25
2025-11-21,2025-07-01,eff_ratio_6m&vol_surge_highvol_n4|above_50dma+rsi_below_85,MUTHOOTFIN,0.25
2025-11-21,2025-07-01,eff_ratio_6m&vol_surge_highvol_n4|above_50dma+rsi_below_85,NATIONALUM,0.25
2025-11-21,2025-07-01,eff_ratio_6m&vol_surge_highvol_n4|above_50dma+rsi_below_85,CANBK,0.25
2025-12-05,2025-07-01,eff_ratio_6m&vol_surge_highvol_n4|above_50dma+rsi_below_85,M&MFIN,0.25
2025-12-05,2025-07-01,eff_ratio_6m&vol_surge_highvol_n4|above_50dma+rsi_below_85,NATIONALUM,0.25
2025-12-05,2025-07-01,eff_ratio_6m&vol_surge_highvol_n4|above_50dma+rsi_below_85,MUTHOOTFIN,0.25
2025-12-05,2025-07-01,eff_ratio_6m&vol_surge_highvol_n4|above_50dma+rsi_below_85,ASIANPAINT,0.25
2025-12-19,2025-07-01,eff_ratio_6m&vol_surge_highvol_n4|above_50dma+rsi_below_85,HINDZINC,0.25
2025-12-19,2025-07-01,eff_ratio_6m&vol_surge_highvol_n4|above_50dma+rsi_below_85,M&MFIN,0.25
2025-12-19,2025-07-01,eff_ratio_6m&vol_surge_highvol_n4|above_50dma+rsi_below_85,ASHOKLEY,0.25
2025-12-19,2025-07-01,eff_ratio_6m&vol_surge_highvol_n4|above_50dma+rsi_below_85,GMRAIRPORT,0.25
2026-01-02,2026-01-01,macd_12_26&sortino_6m_highvol_n4|above_50dma+rsi_below_85,NATIONALUM,0.25
2026-01-02,2026-01-01,macd_12_26&sortino_6m_highvol_n4|above_50dma+rsi_below_85,ASHOKLEY,0.25
2026-01-02,2026-01-01,macd_12_26&sortino_6m_highvol_n4|above_50dma+rsi_below_85,SHRIRAMFIN,0.25
2026-01-02,2026-01-01,macd_12_26&sortino_6m_highvol_n4|above_50dma+rsi_below_85,HINDZINC,0.25
2026-01-16,2026-01-01,macd_12_26&sortino_6m_highvol_n4|above_50dma+rsi_below_85,NATIONALUM,0.25
2026-01-16,2026-01-01,macd_12_26&sortino_6m_highvol_n4|above_50dma+rsi_below_85,VEDL,0.25
2026-01-16,2026-01-01,macd_12_26&sortino_6m_highvol_n4|above_50dma+rsi_below_85,ASHOKLEY,0.25
2026-01-16,2026-01-01,macd_12_26&sortino_6m_highvol_n4|above_50dma+rsi_below_85,HINDZINC,0.25
2026-01-30,2026-01-01,macd_12_26&sortino_6m_highvol_n4|above_50dma+rsi_below_85,NATIONALUM,0.25
2026-01-30,2026-01-01,macd_12_26&sortino_6m_highvol_n4|above_50dma+rsi_below_85,VEDL,0.25
2026-01-30,2026-01-01,macd_12_26&sortino_6m_highvol_n4|above_50dma+rsi_below_85,ASHOKLEY,0.25
2026-01-30,2026-01-01,macd_12_26&sortino_6m_highvol_n4|above_50dma+rsi_below_85,FEDERALBNK,0.25
2026-02-13,2026-01-01,macd_12_26&sortino_6m_highvol_n4|above_50dma+rsi_below_85,ASHOKLEY,0.25
2026-02-13,2026-01-01,macd_12_26&sortino_6m_highvol_n4|above_50dma+rsi_below_85,SHRIRAMFIN,0.25
2026-02-13,2026-01-01,macd_12_26&sortino_6m_highvol_n4|above_50dma+rsi_below_85,POWERINDIA,0.25
2026-02-13,2026-01-01,macd_12_26&sortino_6m_highvol_n4|above_50dma+rsi_below_85,FEDERALBNK,0.25
2026-02-27,2026-01-01,macd_12_26&sortino_6m_highvol_n4|above_50dma+rsi_below_85,SHRIRAMFIN,0.25
2026-02-27,2026-01-01,macd_12_26&sortino_6m_highvol_n4|above_50dma+rsi_below_85,POWERINDIA,0.25
2026-02-27,2026-01-01,macd_12_26&sortino_6m_highvol_n4|above_50dma+rsi_below_85,UNIONBANK,0.25
2026-02-27,2026-01-01,macd_12_26&sortino_6m_highvol_n4|above_50dma+rsi_below_85,FEDERALBNK,0.25
2026-03-13,2026-01-01,macd_12_26&sortino_6m_highvol_n4|above_50dma+rsi_below_85,NATIONALUM,0.25
2026-03-13,2026-01-01,macd_12_26&sortino_6m_highvol_n4|above_50dma+rsi_below_85,POWERINDIA,0.25
2026-03-13,2026-01-01,macd_12_26&sortino_6m_highvol_n4|above_50dma+rsi_below_85,ABB,0.25
2026-03-13,2026-01-01,macd_12_26&sortino_6m_highvol_n4|above_50dma+rsi_below_85,VEDL,0.25
2026-03-27,2026-01-01,macd_12_26&sortino_6m_highvol_n4|above_50dma+rsi_below_85,PREMIERENE,0.25
2026-03-27,2026-01-01,macd_12_26&sortino_6m_highvol_n4|above_50dma+rsi_below_85,POWERINDIA,0.25
2026-03-27,2026-01-01,macd_12_26&sortino_6m_highvol_n4|above_50dma+rsi_below_85,NATIONALUM,0.25
2026-03-27,2026-01-01,macd_12_26&sortino_6m_highvol_n4|above_50dma+rsi_below_85,ABB,0.25
2026-04-10,2026-01-01,macd_12_26&sortino_6m_highvol_n4|above_50dma+rsi_below_85,NATIONALUM,0.25
2026-04-10,2026-01-01,macd_12_26&sortino_6m_highvol_n4|above_50dma+rsi_below_85,POWERINDIA,0.25
2026-04-10,2026-01-01,macd_12_26&sortino_6m_highvol_n4|above_50dma+rsi_below_85,BSE,0.25
2026-04-10,2026-01-01,macd_12_26&sortino_6m_highvol_n4|above_50dma+rsi_below_85,ADANIPOWER,0.25
2026-04-24,2026-01-01,macd_12_26&sortino_6m_highvol_n4|above_50dma+rsi_below_85,POWERINDIA,0.25
2026-04-24,2026-01-01,macd_12_26&sortino_6m_highvol_n4|above_50dma+rsi_below_85,ADANIENSOL,0.25
2026-04-24,2026-01-01,macd_12_26&sortino_6m_highvol_n4|above_50dma+rsi_below_85,NATIONALUM,0.25
2026-04-24,2026-01-01,macd_12_26&sortino_6m_highvol_n4|above_50dma+rsi_below_85,BHEL,0.25
2026-05-08,2026-01-01,macd_12_26&sortino_6m_highvol_n4|above_50dma+rsi_below_85,POWERINDIA,0.25
2026-05-08,2026-01-01,macd_12_26&sortino_6m_highvol_n4|above_50dma+rsi_below_85,ADANIPOWER,0.25
2026-05-08,2026-01-01,macd_12_26&sortino_6m_highvol_n4|above_50dma+rsi_below_85,BHEL,0.25
2026-05-08,2026-01-01,macd_12_26&sortino_6m_highvol_n4|above_50dma+rsi_below_85,BSE,0.25
2026-05-22,2026-01-01,macd_12_26&sortino_6m_highvol_n4|above_50dma+rsi_below_85,BSE,0.25
2026-05-22,2026-01-01,macd_12_26&sortino_6m_highvol_n4|above_50dma+rsi_below_85,IDEA,0.25
2026-05-22,2026-01-01,macd_12_26&sortino_6m_highvol_n4|above_50dma+rsi_below_85,POWERINDIA,0.25
2026-05-22,2026-01-01,macd_12_26&sortino_6m_highvol_n4|above_50dma+rsi_below_85,BHEL,0.25
2026-06-05,2026-01-01,macd_12_26&sortino_6m_highvol_n4|above_50dma+rsi_below_85,GVT&D,0.25
2026-06-05,2026-01-01,macd_12_26&sortino_6m_highvol_n4|above_50dma+rsi_below_85,ADANIENSOL,0.25
2026-06-05,2026-01-01,macd_12_26&sortino_6m_highvol_n4|above_50dma+rsi_below_85,ADANIENT,0.25
2026-06-05,2026-01-01,macd_12_26&sortino_6m_highvol_n4|above_50dma+rsi_below_85,ADANIPOWER,0.25
2026-06-19,2026-01-01,macd_12_26&sortino_6m_highvol_n4|above_50dma+rsi_below_85,GVT&D,0.25
2026-06-19,2026-01-01,macd_12_26&sortino_6m_highvol_n4|above_50dma+rsi_below_85,IDEA,0.25
2026-06-19,2026-01-01,macd_12_26&sortino_6m_highvol_n4|above_50dma+rsi_below_85,POWERINDIA,0.25
2026-06-19,2026-01-01,macd_12_26&sortino_6m_highvol_n4|above_50dma+rsi_below_85,CGPOWER,0.25
2026-06-30,2026-01-01,macd_12_26&sortino_6m_highvol_n4|above_50dma+rsi_below_85,APARINDS,0.25
2026-06-30,2026-01-01,macd_12_26&sortino_6m_highvol_n4|above_50dma+rsi_below_85,MAHABANK,0.25
2026-06-30,2026-01-01,macd_12_26&sortino_6m_highvol_n4|above_50dma+rsi_below_85,OFSS,0.25
2026-06-30,2026-01-01,macd_12_26&sortino_6m_highvol_n4|above_50dma+rsi_below_85,CGPOWER,0.25
